regime,hours,percent
high_volatility,315,24.286815728604473
trending,484,37.31688511950655
ranging,300,23.13030069390902
unclear,198,15.265998457979954
