timestamp,funding_rate,mark_price
2023-06-13 00:00:00+00:00,0.0001,
2023-06-13 08:00:00+00:00,6.18e-05,
2023-06-13 16:00:00+00:00,6.503e-05,
2023-06-14 00:00:00+00:00,2.438e-05,
2023-06-14 08:00:00+00:00,2.716e-05,
2023-06-14 16:00:00+00:00,3.661e-05,
2023-06-15 00:00:00+00:00,-3.265e-05,
2023-06-15 08:00:00+00:00,6.193e-05,
2023-06-15 16:00:00+00:00,6.687e-05,
2023-06-16 00:00:00+00:00,3.971e-05,
2023-06-16 08:00:00+00:00,7.81e-06,
2023-06-16 16:00:00+00:00,2.36e-06,
2023-06-17 00:00:00+00:00,9.868e-05,
2023-06-17 08:00:00+00:00,0.0001,
2023-06-17 16:00:00+00:00,7.543e-05,
2023-06-18 00:00:00+00:00,3.706e-05,
2023-06-18 08:00:00+00:00,8.233e-05,
2023-06-18 16:00:00+00:00,6.705e-05,
2023-06-19 00:00:00+00:00,7.04e-05,
2023-06-19 08:00:00+00:00,6.397e-05,
2023-06-19 16:00:00+00:00,3.69e-05,
2023-06-20 00:00:00+00:00,4.35e-05,
2023-06-20 08:00:00+00:00,-4.48e-06,
2023-06-20 16:00:00+00:00,-2.597e-05,
2023-06-21 00:00:00+00:00,6.295e-05,
2023-06-21 08:00:00+00:00,0.0001,
2023-06-21 16:00:00+00:00,2.551e-05,
2023-06-22 00:00:00+00:00,0.0001,
2023-06-22 08:00:00+00:00,0.0001,
2023-06-22 16:00:00+00:00,9.236e-05,
2023-06-23 00:00:00+00:00,0.0001,
2023-06-23 08:00:00+00:00,0.0001,
2023-06-23 16:00:00+00:00,0.0001,
2023-06-24 00:00:00+00:00,0.0001,
2023-06-24 08:00:00+00:00,0.0001,
2023-06-24 16:00:00+00:00,0.0001,
2023-06-25 00:00:00+00:00,0.0001,
2023-06-25 08:00:00+00:00,0.0001,
2023-06-25 16:00:00+00:00,0.0001,
2023-06-26 00:00:00+00:00,0.0001,
2023-06-26 08:00:00+00:00,0.0001,
2023-06-26 16:00:00+00:00,0.0001,
2023-06-27 00:00:00+00:00,0.0001,
2023-06-27 08:00:00+00:00,0.0001,
2023-06-27 16:00:00+00:00,0.0001,
2023-06-28 00:00:00+00:00,0.0001,
2023-06-28 08:00:00+00:00,9.302e-05,
2023-06-28 16:00:00+00:00,4.598e-05,
2023-06-29 00:00:00+00:00,6.574e-05,
2023-06-29 08:00:00+00:00,9.3e-05,
2023-06-29 16:00:00+00:00,0.0001,
2023-06-30 00:00:00+00:00,0.0001,
2023-06-30 08:00:00+00:00,0.0001,
2023-06-30 16:00:00+00:00,0.0001,
2023-07-01 00:00:00+00:00,0.0001,
2023-07-01 08:00:00+00:00,0.0001,
2023-07-01 16:00:00+00:00,0.0001,
2023-07-02 00:00:00+00:00,0.0001,
2023-07-02 08:00:00+00:00,0.0001,
2023-07-02 16:00:00+00:00,0.0001,
2023-07-03 00:00:00+00:00,0.0001,
2023-07-03 08:00:00+00:00,0.0001,
2023-07-03 16:00:00+00:00,0.0001,
2023-07-04 00:00:00+00:00,0.0001,
2023-07-04 08:00:00+00:00,0.0001,
2023-07-04 16:00:00+00:00,0.0001,
2023-07-05 00:00:00+00:00,0.0001,
2023-07-05 08:00:00+00:00,0.0001,
2023-07-05 16:00:00+00:00,0.0001,
2023-07-06 00:00:00+00:00,0.0001,
2023-07-06 08:00:00+00:00,7.72e-05,
2023-07-06 16:00:00+00:00,1.492e-05,
2023-07-07 00:00:00+00:00,6.98e-06,
2023-07-07 08:00:00+00:00,4.221e-05,
2023-07-07 16:00:00+00:00,-6.58e-06,
2023-07-08 00:00:00+00:00,3.757e-05,
2023-07-08 08:00:00+00:00,2.631e-05,
2023-07-08 16:00:00+00:00,1.686e-05,
2023-07-09 00:00:00+00:00,5.707e-05,
2023-07-09 08:00:00+00:00,6.821e-05,
2023-07-09 16:00:00+00:00,6.153e-05,
2023-07-10 00:00:00+00:00,-2.182e-05,
2023-07-10 08:00:00+00:00,4.85e-05,
2023-07-10 16:00:00+00:00,2.995e-05,
2023-07-11 00:00:00+00:00,8.01e-05,
2023-07-11 08:00:00+00:00,8.265e-05,
2023-07-11 16:00:00+00:00,3.954e-05,
2023-07-12 00:00:00+00:00,7.041e-05,
2023-07-12 08:00:00+00:00,6.479e-05,
2023-07-12 16:00:00+00:00,4.65e-05,
2023-07-13 00:00:00+00:00,-1.135e-05,
2023-07-13 08:00:00+00:00,6.12e-05,
2023-07-13 16:00:00+00:00,5.29e-06,
2023-07-14 00:00:00+00:00,0.0001,
2023-07-14 08:00:00+00:00,0.0001,
2023-07-14 16:00:00+00:00,0.0001,
2023-07-15 00:00:00+00:00,-7.313e-05,
2023-07-15 08:00:00+00:00,3.007e-05,
2023-07-15 16:00:00+00:00,2.984e-05,
2023-07-16 00:00:00+00:00,1.993e-05,
2023-07-16 08:00:00+00:00,7.772e-05,
2023-07-16 16:00:00+00:00,4.583e-05,
2023-07-17 00:00:00+00:00,2.785e-05,
2023-07-17 08:00:00+00:00,6.278e-05,
2023-07-17 16:00:00+00:00,6.261e-05,
2023-07-18 00:00:00+00:00,3.983e-05,
2023-07-18 08:00:00+00:00,6.798e-05,
2023-07-18 16:00:00+00:00,7.477e-05,
2023-07-19 00:00:00+00:00,0.0001,
2023-07-19 08:00:00+00:00,5.224e-05,
2023-07-19 16:00:00+00:00,7.69e-05,
2023-07-20 00:00:00+00:00,2.652e-05,
2023-07-20 08:00:00+00:00,9.641e-05,
2023-07-20 16:00:00+00:00,5.563e-05,
2023-07-21 00:00:00+00:00,2.877e-05,
2023-07-21 08:00:00+00:00,7.77e-06,
2023-07-21 16:00:00+00:00,3.717e-05,
2023-07-22 00:00:00+00:00,2.195e-05,
2023-07-22 08:00:00+00:00,9.44e-06,
2023-07-22 16:00:00+00:00,1.77e-06,
2023-07-23 00:00:00+00:00,2.908e-05,
2023-07-23 08:00:00+00:00,0.0001,
2023-07-23 16:00:00+00:00,9.372e-05,
2023-07-24 00:00:00+00:00,0.0001,
2023-07-24 08:00:00+00:00,4.338e-05,
2023-07-24 16:00:00+00:00,0.0001,
2023-07-25 00:00:00+00:00,7.702e-05,
2023-07-25 08:00:00+00:00,6.913e-05,
2023-07-25 16:00:00+00:00,9.465e-05,
2023-07-26 00:00:00+00:00,9.451e-05,
2023-07-26 08:00:00+00:00,0.0001,
2023-07-26 16:00:00+00:00,5.768e-05,
2023-07-27 00:00:00+00:00,3.136e-05,
2023-07-27 08:00:00+00:00,3.83e-05,
2023-07-27 16:00:00+00:00,2.876e-05,
2023-07-28 00:00:00+00:00,4.373e-05,
2023-07-28 08:00:00+00:00,6.675e-05,
2023-07-28 16:00:00+00:00,0.0001,
2023-07-29 00:00:00+00:00,0.0001,
2023-07-29 08:00:00+00:00,4.567e-05,
2023-07-29 16:00:00+00:00,7.53e-05,
2023-07-30 00:00:00+00:00,8.151e-05,
2023-07-30 08:00:00+00:00,5.56e-05,
2023-07-30 16:00:00+00:00,4.357e-05,
2023-07-31 00:00:00+00:00,2.369e-05,
2023-07-31 08:00:00+00:00,7.362e-05,
2023-07-31 16:00:00+00:00,8.239e-05,
2023-08-01 00:00:00+00:00,6.3e-05,
2023-08-01 08:00:00+00:00,6.768e-05,
2023-08-01 16:00:00+00:00,0.0001,
2023-08-02 00:00:00+00:00,0.0001,
2023-08-02 08:00:00+00:00,0.0001,
2023-08-02 16:00:00+00:00,0.0001,
2023-08-03 00:00:00+00:00,0.0001,
2023-08-03 08:00:00+00:00,0.0001,
2023-08-03 16:00:00+00:00,0.0001,
2023-08-04 00:00:00+00:00,8.116e-05,
2023-08-04 08:00:00+00:00,0.0001,
2023-08-04 16:00:00+00:00,0.0001,
2023-08-05 00:00:00+00:00,4.181e-05,
2023-08-05 08:00:00+00:00,0.0001,
2023-08-05 16:00:00+00:00,0.0001,
2023-08-06 00:00:00+00:00,0.0001,
2023-08-06 08:00:00+00:00,0.0001,
2023-08-06 16:00:00+00:00,0.0001,
2023-08-07 00:00:00+00:00,0.0001,
2023-08-07 08:00:00+00:00,7.669e-05,
2023-08-07 16:00:00+00:00,0.0001,
2023-08-08 00:00:00+00:00,0.0001,
2023-08-08 08:00:00+00:00,9.136e-05,
2023-08-08 16:00:00+00:00,5.944e-05,
2023-08-09 00:00:00+00:00,8.11e-05,
2023-08-09 08:00:00+00:00,9.527e-05,
2023-08-09 16:00:00+00:00,8.877e-05,
2023-08-10 00:00:00+00:00,0.0001,
2023-08-10 08:00:00+00:00,0.0001,
2023-08-10 16:00:00+00:00,8.277e-05,
2023-08-11 00:00:00+00:00,0.0001,
2023-08-11 08:00:00+00:00,0.0001,
2023-08-11 16:00:00+00:00,7.123e-05,
2023-08-12 00:00:00+00:00,0.0001,
2023-08-12 08:00:00+00:00,0.0001,
2023-08-12 16:00:00+00:00,9.305e-05,
2023-08-13 00:00:00+00:00,0.0001,
2023-08-13 08:00:00+00:00,4.637e-05,
2023-08-13 16:00:00+00:00,0.0001,
2023-08-14 00:00:00+00:00,0.0001,
2023-08-14 08:00:00+00:00,0.0001,
2023-08-14 16:00:00+00:00,0.0001,
2023-08-15 00:00:00+00:00,0.0001,
2023-08-15 08:00:00+00:00,0.0001,
2023-08-15 16:00:00+00:00,0.0001,
2023-08-16 00:00:00+00:00,0.0001,
2023-08-16 08:00:00+00:00,0.0001,
2023-08-16 16:00:00+00:00,0.0001,
2023-08-17 00:00:00+00:00,0.0001,
2023-08-17 08:00:00+00:00,0.0001,
2023-08-17 16:00:00+00:00,0.0001,
2023-08-18 00:00:00+00:00,0.0001,
2023-08-18 08:00:00+00:00,-4.6e-07,
2023-08-18 16:00:00+00:00,5.166e-05,
2023-08-19 00:00:00+00:00,-2.74e-06,
2023-08-19 08:00:00+00:00,-3.22e-06,
2023-08-19 16:00:00+00:00,-5.286e-05,
2023-08-20 00:00:00+00:00,-3.069e-05,
2023-08-20 08:00:00+00:00,-4.364e-05,
2023-08-20 16:00:00+00:00,-1.93e-06,
2023-08-21 00:00:00+00:00,-2.797e-05,
2023-08-21 08:00:00+00:00,8.16e-06,
2023-08-21 16:00:00+00:00,-1.619e-05,
2023-08-22 00:00:00+00:00,-3.08e-06,
2023-08-22 08:00:00+00:00,-1.928e-05,
2023-08-22 16:00:00+00:00,3.048e-05,
2023-08-23 00:00:00+00:00,7.39e-06,
2023-08-23 08:00:00+00:00,-1.02e-05,
2023-08-23 16:00:00+00:00,3.247e-05,
2023-08-24 00:00:00+00:00,-2.822e-05,
2023-08-24 08:00:00+00:00,2.506e-05,
2023-08-24 16:00:00+00:00,4.9e-05,
2023-08-25 00:00:00+00:00,-6.59e-06,
2023-08-25 08:00:00+00:00,2.802e-05,
2023-08-25 16:00:00+00:00,5.218e-05,
2023-08-26 00:00:00+00:00,3.82e-05,
2023-08-26 08:00:00+00:00,5.334e-05,
2023-08-26 16:00:00+00:00,2.096e-05,
2023-08-27 00:00:00+00:00,9.9e-07,
2023-08-27 08:00:00+00:00,3.976e-05,
2023-08-27 16:00:00+00:00,1.232e-05,
2023-08-28 00:00:00+00:00,-3.95e-06,
2023-08-28 08:00:00+00:00,4.424e-05,
2023-08-28 16:00:00+00:00,4.524e-05,
2023-08-29 00:00:00+00:00,8.24e-06,
2023-08-29 08:00:00+00:00,3.769e-05,
2023-08-29 16:00:00+00:00,-0.00010934,
2023-08-30 00:00:00+00:00,4.868e-05,
2023-08-30 08:00:00+00:00,5.731e-05,
2023-08-30 16:00:00+00:00,3.944e-05,
2023-08-31 00:00:00+00:00,2.909e-05,
2023-08-31 08:00:00+00:00,6.859e-05,
2023-08-31 16:00:00+00:00,8.105e-05,
2023-09-01 00:00:00+00:00,2.583e-05,
2023-09-01 08:00:00+00:00,5.968e-05,
2023-09-01 16:00:00+00:00,6.254e-05,
2023-09-02 00:00:00+00:00,4.998e-05,
2023-09-02 08:00:00+00:00,1.937e-05,
2023-09-02 16:00:00+00:00,-2.018e-05,
2023-09-03 00:00:00+00:00,4.839e-05,
2023-09-03 08:00:00+00:00,2.35e-06,
2023-09-03 16:00:00+00:00,2.89e-05,
2023-09-04 00:00:00+00:00,2.69e-05,
2023-09-04 08:00:00+00:00,1.469e-05,
2023-09-04 16:00:00+00:00,-1.059e-05,
2023-09-05 00:00:00+00:00,5.3e-07,
2023-09-05 08:00:00+00:00,1.975e-05,
2023-09-05 16:00:00+00:00,3.366e-05,
2023-09-06 00:00:00+00:00,1.737e-05,
2023-09-06 08:00:00+00:00,-2.763e-05,
2023-09-06 16:00:00+00:00,2.135e-05,
2023-09-07 00:00:00+00:00,3.83e-05,
2023-09-07 08:00:00+00:00,3.883e-05,
2023-09-07 16:00:00+00:00,6.924e-05,
2023-09-08 00:00:00+00:00,-1.525e-05,
2023-09-08 08:00:00+00:00,5.12e-06,
2023-09-08 16:00:00+00:00,-1.691e-05,
2023-09-09 00:00:00+00:00,-5.057e-05,
2023-09-09 08:00:00+00:00,-3.77e-06,
2023-09-09 16:00:00+00:00,1.423e-05,
2023-09-10 00:00:00+00:00,-7.3e-07,
2023-09-10 08:00:00+00:00,3.294e-05,
2023-09-10 16:00:00+00:00,2.609e-05,
2023-09-11 00:00:00+00:00,-3e-06,
2023-09-11 08:00:00+00:00,1.823e-05,
2023-09-11 16:00:00+00:00,1.838e-05,
2023-09-12 00:00:00+00:00,2.73e-05,
2023-09-12 08:00:00+00:00,5.425e-05,
2023-09-12 16:00:00+00:00,-3.502e-05,
2023-09-13 00:00:00+00:00,2.342e-05,
2023-09-13 08:00:00+00:00,1.26e-05,
2023-09-13 16:00:00+00:00,3.099e-05,
2023-09-14 00:00:00+00:00,4.61e-06,
2023-09-14 08:00:00+00:00,3.428e-05,
2023-09-14 16:00:00+00:00,-4.748e-05,
2023-09-15 00:00:00+00:00,-2.641e-05,
2023-09-15 08:00:00+00:00,-7.61e-06,
2023-09-15 16:00:00+00:00,7.561e-05,
2023-09-16 00:00:00+00:00,-1.381e-05,
2023-09-16 08:00:00+00:00,-4.32e-05,
2023-09-16 16:00:00+00:00,-3.161e-05,
2023-09-17 00:00:00+00:00,8.97e-06,
2023-09-17 08:00:00+00:00,1.142e-05,
2023-09-17 16:00:00+00:00,6.49e-06,
2023-09-18 00:00:00+00:00,-5.08e-06,
2023-09-18 08:00:00+00:00,5.79e-06,
2023-09-18 16:00:00+00:00,-6.774e-05,
2023-09-19 00:00:00+00:00,2.468e-05,
2023-09-19 08:00:00+00:00,-1.972e-05,
2023-09-19 16:00:00+00:00,-1.756e-05,
2023-09-20 00:00:00+00:00,-2.614e-05,
2023-09-20 08:00:00+00:00,-3.777e-05,
2023-09-20 16:00:00+00:00,-9.91e-06,
2023-09-21 00:00:00+00:00,-2.9e-07,
2023-09-21 08:00:00+00:00,4.303e-05,
2023-09-21 16:00:00+00:00,7.429e-05,
2023-09-22 00:00:00+00:00,-6.2e-07,
2023-09-22 08:00:00+00:00,1.034e-05,
2023-09-22 16:00:00+00:00,2.136e-05,
2023-09-23 00:00:00+00:00,6.676e-05,
2023-09-23 08:00:00+00:00,1.556e-05,
2023-09-23 16:00:00+00:00,2.09e-06,
2023-09-24 00:00:00+00:00,-1.392e-05,
2023-09-24 08:00:00+00:00,4.721e-05,
2023-09-24 16:00:00+00:00,2.887e-05,
2023-09-25 00:00:00+00:00,-1.26e-05,
2023-09-25 08:00:00+00:00,8.565e-05,
2023-09-25 16:00:00+00:00,4.792e-05,
2023-09-26 00:00:00+00:00,-3.91e-05,
2023-09-26 08:00:00+00:00,-1.215e-05,
2023-09-26 16:00:00+00:00,5.626e-05,
2023-09-27 00:00:00+00:00,9.944e-05,
2023-09-27 08:00:00+00:00,3.378e-05,
2023-09-27 16:00:00+00:00,2.074e-05,
2023-09-28 00:00:00+00:00,6.74e-06,
2023-09-28 08:00:00+00:00,-1.581e-05,
2023-09-28 16:00:00+00:00,-4.732e-05,
2023-09-29 00:00:00+00:00,-3.894e-05,
2023-09-29 08:00:00+00:00,-2.567e-05,
2023-09-29 16:00:00+00:00,4.76e-06,
2023-09-30 00:00:00+00:00,6.43e-06,
2023-09-30 08:00:00+00:00,1.864e-05,
2023-09-30 16:00:00+00:00,1.525e-05,
2023-10-01 00:00:00+00:00,2.95e-06,
2023-10-01 08:00:00+00:00,-6.19e-06,
2023-10-01 16:00:00+00:00,-2.263e-05,
2023-10-02 00:00:00+00:00,5.831e-05,
2023-10-02 08:00:00+00:00,7.28e-06,
2023-10-02 16:00:00+00:00,-1.477e-05,
2023-10-03 00:00:00+00:00,4.172e-05,
2023-10-03 08:00:00+00:00,1.667e-05,
2023-10-03 16:00:00+00:00,2.5e-05,
2023-10-04 00:00:00+00:00,6.031e-05,
2023-10-04 08:00:00+00:00,6.2e-05,
2023-10-04 16:00:00+00:00,-2.857e-05,
2023-10-05 00:00:00+00:00,-3.807e-05,
2023-10-05 08:00:00+00:00,-4.268e-05,
2023-10-05 16:00:00+00:00,-2.302e-05,
2023-10-06 00:00:00+00:00,-1.106e-05,
2023-10-06 08:00:00+00:00,1.436e-05,
2023-10-06 16:00:00+00:00,-3.149e-05,
2023-10-07 00:00:00+00:00,2.124e-05,
2023-10-07 08:00:00+00:00,2.849e-05,
2023-10-07 16:00:00+00:00,2.083e-05,
2023-10-08 00:00:00+00:00,3.14e-06,
2023-10-08 08:00:00+00:00,9.74e-06,
2023-10-08 16:00:00+00:00,5.163e-05,
2023-10-09 00:00:00+00:00,3.992e-05,
2023-10-09 08:00:00+00:00,3.515e-05,
2023-10-09 16:00:00+00:00,7.838e-05,
2023-10-10 00:00:00+00:00,6.349e-05,
2023-10-10 08:00:00+00:00,1.894e-05,
2023-10-10 16:00:00+00:00,4.548e-05,
2023-10-11 00:00:00+00:00,5.918e-05,
2023-10-11 08:00:00+00:00,8.33e-05,
2023-10-11 16:00:00+00:00,6.319e-05,
2023-10-12 00:00:00+00:00,0.0001,
2023-10-12 08:00:00+00:00,2.661e-05,
2023-10-12 16:00:00+00:00,7.304e-05,
2023-10-13 00:00:00+00:00,2.294e-05,
2023-10-13 08:00:00+00:00,2.039e-05,
2023-10-13 16:00:00+00:00,2.326e-05,
2023-10-14 00:00:00+00:00,1.05e-06,
2023-10-14 08:00:00+00:00,2.211e-05,
2023-10-14 16:00:00+00:00,2.456e-05,
2023-10-15 00:00:00+00:00,-1.509e-05,
2023-10-15 08:00:00+00:00,4.292e-05,
2023-10-15 16:00:00+00:00,2.224e-05,
2023-10-16 00:00:00+00:00,5.11e-06,
2023-10-16 08:00:00+00:00,2.8e-07,
2023-10-16 16:00:00+00:00,9.644e-05,
2023-10-17 00:00:00+00:00,2.04e-06,
2023-10-17 08:00:00+00:00,1.493e-05,
2023-10-17 16:00:00+00:00,-2.311e-05,
2023-10-18 00:00:00+00:00,-3.343e-05,
2023-10-18 08:00:00+00:00,-1.216e-05,
2023-10-18 16:00:00+00:00,1.644e-05,
2023-10-19 00:00:00+00:00,-1.028e-05,
2023-10-19 08:00:00+00:00,-6.24e-06,
2023-10-19 16:00:00+00:00,-0.00011006,
2023-10-20 00:00:00+00:00,-9.272e-05,
2023-10-20 08:00:00+00:00,1.938e-05,
2023-10-20 16:00:00+00:00,2.687e-05,
2023-10-21 00:00:00+00:00,-1.585e-05,
2023-10-21 08:00:00+00:00,4.374e-05,
2023-10-21 16:00:00+00:00,5.827e-05,
2023-10-22 00:00:00+00:00,2.567e-05,
2023-10-22 08:00:00+00:00,2.579e-05,
2023-10-22 16:00:00+00:00,3.115e-05,
2023-10-23 00:00:00+00:00,8.25e-05,
2023-10-23 08:00:00+00:00,9.59e-05,
2023-10-23 16:00:00+00:00,6.48e-06,
2023-10-24 00:00:00+00:00,0.0001,
2023-10-24 08:00:00+00:00,0.0001,
2023-10-24 16:00:00+00:00,0.0001,
2023-10-25 00:00:00+00:00,0.0001,
2023-10-25 08:00:00+00:00,0.0001,
2023-10-25 16:00:00+00:00,0.0001,
2023-10-26 00:00:00+00:00,0.0001,
2023-10-26 08:00:00+00:00,0.0001,
2023-10-26 16:00:00+00:00,0.0001,
2023-10-27 00:00:00+00:00,0.0001,
2023-10-27 08:00:00+00:00,0.0001,
2023-10-27 16:00:00+00:00,0.0001,
2023-10-28 00:00:00+00:00,0.0001,
2023-10-28 08:00:00+00:00,0.0001,
2023-10-28 16:00:00+00:00,0.0001,
2023-10-29 00:00:00+00:00,0.0001,
2023-10-29 08:00:00+00:00,0.0001,
2023-10-29 16:00:00+00:00,0.0001,
2023-10-30 00:00:00+00:00,0.0001,
2023-10-30 08:00:00+00:00,0.0001,
2023-10-30 16:00:00+00:00,0.0001,
2023-10-31 00:00:00+00:00,0.0001,
2023-10-31 08:00:00+00:00,0.0001,34149.46365245
2023-10-31 16:00:00+00:00,0.0001,34287.54619963
2023-11-01 00:00:00+00:00,0.0001,34651.4
2023-11-01 08:00:00+00:00,0.0001,34462.7
2023-11-01 16:00:00+00:00,0.0001,34297.0
2023-11-02 00:00:00+00:00,0.0001,35437.5
2023-11-02 08:00:00+00:00,0.0001,35280.7
2023-11-02 16:00:00+00:00,0.0001,34642.61247985
2023-11-03 00:00:00+00:00,0.0001,34937.66351648
2023-11-03 08:00:00+00:00,0.0001,34469.05403297
2023-11-03 16:00:00+00:00,0.0001,34760.80585567
2023-11-04 00:00:00+00:00,0.0001,34702.10537801
2023-11-04 08:00:00+00:00,0.0001,34759.1
2023-11-04 16:00:00+00:00,0.0001,34709.63381443
2023-11-05 00:00:00+00:00,0.0001,35070.25307143
2023-11-05 08:00:00+00:00,0.0001,35175.4
2023-11-05 16:00:00+00:00,0.0001,34893.9
2023-11-06 00:00:00+00:00,0.0001,35025.5
2023-11-06 08:00:00+00:00,0.0001,34918.5
2023-11-06 16:00:00+00:00,0.0001,35085.27989377
2023-11-07 00:00:00+00:00,0.0001,35056.66628082
2023-11-07 08:00:00+00:00,0.0001,34947.3
2023-11-07 16:00:00+00:00,0.0001,34726.93986667
2023-11-08 00:00:00+00:00,0.0001,35407.4
2023-11-08 08:00:00+00:00,0.0001,35239.5
2023-11-08 16:00:00+00:00,0.0001,35231.3
2023-11-09 00:00:00+00:00,0.0001,35630.54451373
2023-11-09 08:00:00+00:00,0.0001,36552.0
2023-11-09 16:00:00+00:00,0.00020027,37133.04096275
2023-11-10 00:00:00+00:00,0.0001,36713.69408039
2023-11-10 08:00:00+00:00,0.00011682,36477.27099789
2023-11-10 16:00:00+00:00,0.0001,37092.5
2023-11-11 00:00:00+00:00,0.0001,37326.19194118
2023-11-11 08:00:00+00:00,0.00016607,37030.4
2023-11-11 16:00:00+00:00,0.00014648,37070.4
2023-11-12 00:00:00+00:00,0.0001543,37162.0
2023-11-12 08:00:00+00:00,0.00023487,37154.1
2023-11-12 16:00:00+00:00,0.00027221,37178.2
2023-11-13 00:00:00+00:00,0.00032467,37086.1136451
2023-11-13 08:00:00+00:00,0.00010893,36982.5
2023-11-13 16:00:00+00:00,0.00020492,36869.75723137
2023-11-14 00:00:00+00:00,0.00017382,36484.2307384
2023-11-14 08:00:00+00:00,0.00016369,36705.5
2023-11-14 16:00:00+00:00,0.00014477,36162.79747255
2023-11-15 00:00:00+00:00,0.0001,35560.6
2023-11-15 08:00:00+00:00,0.0001,35596.7
2023-11-15 16:00:00+00:00,0.0001,36415.64025773
2023-11-16 00:00:00+00:00,0.0001,37885.71403952
2023-11-16 08:00:00+00:00,0.00015199,37460.6
2023-11-16 16:00:00+00:00,0.00012014,36420.0
2023-11-17 00:00:00+00:00,0.0001,36172.50061684
2023-11-17 08:00:00+00:00,0.0001,36248.93589863
2023-11-17 16:00:00+00:00,0.0001,36059.0
2023-11-18 00:00:00+00:00,0.0001,36622.0
2023-11-18 08:00:00+00:00,0.0001,36424.88688316
2023-11-18 16:00:00+00:00,0.0001,36671.96767869
2023-11-19 00:00:00+00:00,0.0001,36575.50541573
2023-11-19 08:00:00+00:00,0.0001,36618.89655326
2023-11-19 16:00:00+00:00,0.0001,36575.1
2023-11-20 00:00:00+00:00,0.0001,37375.8
2023-11-20 08:00:00+00:00,0.0001,37259.9
2023-11-20 16:00:00+00:00,0.0001,37476.6
2023-11-21 00:00:00+00:00,0.0001,37465.47965292
2023-11-21 08:00:00+00:00,0.0001,37290.96343471
2023-11-21 16:00:00+00:00,0.0001,36978.81670103
2023-11-22 00:00:00+00:00,0.0001,35745.39198625
2023-11-22 08:00:00+00:00,0.0001,36435.97590206
2023-11-22 16:00:00+00:00,0.0001,36480.8557732
2023-11-23 00:00:00+00:00,0.0001,37411.23448797
2023-11-23 08:00:00+00:00,0.0001,37378.5
2023-11-23 16:00:00+00:00,0.0001,36954.0
2023-11-24 00:00:00+00:00,0.0001,37294.4
2023-11-24 08:00:00+00:00,0.0001,37530.0
2023-11-24 16:00:00+00:00,0.0001,38221.9
2023-11-25 00:00:00+00:00,0.0001,37706.3
2023-11-25 08:00:00+00:00,0.0001,37795.15536082
2023-11-25 16:00:00+00:00,0.0001,37696.51395533
2023-11-26 00:00:00+00:00,0.0001,37766.63934748
2023-11-26 08:00:00+00:00,0.0001,37774.46133566
2023-11-26 16:00:00+00:00,0.0001,37422.79969759
2023-11-27 00:00:00+00:00,0.0001,37438.0
2023-11-27 08:00:00+00:00,0.0001,37277.03877148
2023-11-27 16:00:00+00:00,0.0001,36744.68396735
2023-11-28 00:00:00+00:00,0.0001,37234.3
2023-11-28 08:00:00+00:00,0.0001,37088.6
2023-11-28 16:00:00+00:00,0.0001,37502.2
2023-11-29 00:00:00+00:00,0.0001,37812.0
2023-11-29 08:00:00+00:00,0.0001,38095.42608247
2023-11-29 16:00:00+00:00,0.0001,37817.5
2023-11-30 00:00:00+00:00,0.0001,37841.92721631
2023-11-30 08:00:00+00:00,0.0001,37782.30000355
2023-11-30 16:00:00+00:00,0.0001,37609.2
2023-12-01 00:00:00+00:00,0.0001,37716.8
2023-12-01 08:00:00+00:00,0.0001,38242.08488652
2023-12-01 16:00:00+00:00,0.0001,38401.4
2023-12-02 00:00:00+00:00,9.95e-05,38661.09287589
2023-12-02 08:00:00+00:00,6.973e-05,38684.0
2023-12-02 16:00:00+00:00,8.541e-05,38794.48514894
2023-12-03 00:00:00+00:00,0.0001,39438.73455824
2023-12-03 08:00:00+00:00,0.0001,39474.0
2023-12-03 16:00:00+00:00,0.0001,39758.35522727
2023-12-04 00:00:00+00:00,0.0001,39978.96550379
2023-12-04 08:00:00+00:00,0.0001,41466.20294697
2023-12-04 16:00:00+00:00,0.0001,41275.5
2023-12-05 00:00:00+00:00,0.0001,41993.0
2023-12-05 08:00:00+00:00,0.0001,41531.22250355
2023-12-05 16:00:00+00:00,0.0001,42265.96340426
2023-12-06 00:00:00+00:00,0.0001,44078.62530142
2023-12-06 08:00:00+00:00,0.0001,43697.0
2023-12-06 16:00:00+00:00,0.0001,43795.3
2023-12-07 00:00:00+00:00,0.0001,43772.2
2023-12-07 08:00:00+00:00,0.0001,43896.71856988
2023-12-07 16:00:00+00:00,0.0001,43671.48801418
2023-12-08 00:00:00+00:00,0.0001,43296.0
2023-12-08 08:00:00+00:00,0.00023288,43184.9
2023-12-08 16:00:00+00:00,0.00020242,43778.5
2023-12-09 00:00:00+00:00,0.00011504,44209.6
2023-12-09 08:00:00+00:00,0.00030159,44220.6
2023-12-09 16:00:00+00:00,0.00017192,44085.1723837
2023-12-10 00:00:00+00:00,0.00020724,43734.3
2023-12-10 08:00:00+00:00,0.00020383,43995.9
2023-12-10 16:00:00+00:00,0.00023923,43940.82247727
2023-12-11 00:00:00+00:00,0.0001473,43810.0
2023-12-11 08:00:00+00:00,0.0001,42134.13747163
2023-12-11 16:00:00+00:00,0.0001,41824.6
2023-12-12 00:00:00+00:00,0.0001,41271.0
2023-12-12 08:00:00+00:00,0.0001,41930.0
2023-12-12 16:00:00+00:00,0.0001,41373.74558712
2023-12-13 00:00:00+00:00,0.00011909,41505.95203546
2023-12-13 08:00:00+00:00,0.00010162,41141.22059929
2023-12-13 16:00:00+00:00,0.00012601,41953.70580496
2023-12-14 00:00:00+00:00,0.0001,42874.9
2023-12-14 08:00:00+00:00,0.0001,42909.64841135
2023-12-14 16:00:00+00:00,0.0001,42458.7
2023-12-15 00:00:00+00:00,0.0001,43030.02054255
2023-12-15 08:00:00+00:00,0.0001,42721.73764894
2023-12-15 16:00:00+00:00,0.0001,41930.4
2023-12-16 00:00:00+00:00,0.0001,41963.01760993
2023-12-16 08:00:00+00:00,0.0001,42242.59387667
2023-12-16 16:00:00+00:00,0.0001,42608.84540426
2023-12-17 00:00:00+00:00,0.0001,42287.4
2023-12-17 08:00:00+00:00,0.0001,41894.5
2023-12-17 16:00:00+00:00,0.0001,41828.4
2023-12-18 00:00:00+00:00,0.00013355,41390.59169858
2023-12-18 08:00:00+00:00,0.0001,41153.28794086
2023-12-18 16:00:00+00:00,0.00015611,41284.67062411
2023-12-19 00:00:00+00:00,0.0001,42672.42150355
2023-12-19 08:00:00+00:00,0.0001,43060.9801383
2023-12-19 16:00:00+00:00,0.0001,42512.9
2023-12-20 00:00:00+00:00,0.00010506,42296.25497656
2023-12-20 08:00:00+00:00,0.0001,42950.0
2023-12-20 16:00:00+00:00,0.00023637,44072.24884043
2023-12-21 00:00:00+00:00,0.00027143,43698.37531584
2023-12-21 08:00:00+00:00,0.00029216,43794.8
2023-12-21 16:00:00+00:00,0.00028948,43850.89671986
2023-12-22 00:00:00+00:00,0.00030806,43896.3
2023-12-22 08:00:00+00:00,0.0002961,43614.1
2023-12-22 16:00:00+00:00,0.00018011,43697.08803191
2023-12-23 00:00:00+00:00,0.00016285,43998.57061702
2023-12-23 08:00:00+00:00,0.0001,43579.4605307
2023-12-23 16:00:00+00:00,0.00015066,43779.60935461
2023-12-24 00:00:00+00:00,0.0001,43725.2
2023-12-24 08:00:00+00:00,0.0002079,43678.01027288
2023-12-24 16:00:00+00:00,0.00019729,43707.0
2023-12-25 00:00:00+00:00,0.0001,43008.3
2023-12-25 08:00:00+00:00,0.0001,43232.18695035
2023-12-25 16:00:00+00:00,0.00037908,43658.66589362
2023-12-26 00:00:00+00:00,0.00043391,43607.90541195
2023-12-26 08:00:00+00:00,0.00023757,42798.6347803
2023-12-26 16:00:00+00:00,0.00029559,42420.47853901
2023-12-27 00:00:00+00:00,0.00027621,42538.5
2023-12-27 08:00:00+00:00,0.00037942,42495.9
2023-12-27 16:00:00+00:00,0.00032304,43007.9
2023-12-28 00:00:00+00:00,0.00013021,43453.337
2023-12-28 08:00:00+00:00,0.00037879,43085.57530142
2023-12-28 16:00:00+00:00,0.00050152,42485.17897872
2023-12-29 00:00:00+00:00,0.0005517,42600.0
2023-12-29 08:00:00+00:00,0.00049912,42309.51908156
2023-12-29 16:00:00+00:00,0.00047082,42298.78047872
2023-12-30 00:00:00+00:00,0.00033033,42095.1
2023-12-30 08:00:00+00:00,0.0004358,41979.90116312
2023-12-30 16:00:00+00:00,0.00037842,42410.4
2023-12-31 00:00:00+00:00,0.00027855,42173.49474823
2023-12-31 08:00:00+00:00,0.00034573,42564.0
2023-12-31 16:00:00+00:00,0.00033597,42489.7
2024-01-01 00:00:00+00:00,0.00037409,42313.9
2024-01-01 08:00:00+00:00,0.00027213,42525.11019858
2024-01-01 16:00:00+00:00,0.00033601,42811.29637234
2024-01-02 00:00:00+00:00,0.00065846,44230.2
2024-01-02 08:00:00+00:00,0.00035179,45494.65069858
2024-01-02 16:00:00+00:00,0.0005373,45212.27632624
2024-01-03 00:00:00+00:00,0.00021159,44975.18398936
2024-01-03 08:00:00+00:00,0.00017123,45030.4
2024-01-03 16:00:00+00:00,0.0001,42995.8
2024-01-04 00:00:00+00:00,0.0001,42849.5
2024-01-04 08:00:00+00:00,0.0001,42774.3
2024-01-04 16:00:00+00:00,0.0001,44048.47574468
2024-01-05 00:00:00+00:00,0.0001,44147.0
2024-01-05 08:00:00+00:00,0.0001,43772.86349645
2024-01-05 16:00:00+00:00,0.0001,43495.1
2024-01-06 00:00:00+00:00,0.0001,44143.29
2024-01-06 08:00:00+00:00,0.0001,43651.6537695
2024-01-06 16:00:00+00:00,0.0001,43863.6
2024-01-07 00:00:00+00:00,0.0001,43968.00030496
2024-01-07 08:00:00+00:00,0.0001,44071.99074823
2024-01-07 16:00:00+00:00,0.0001,44037.12014539
2024-01-08 00:00:00+00:00,0.0001,43909.5
2024-01-08 08:00:00+00:00,0.0001,43970.0
2024-01-08 16:00:00+00:00,0.0001,44964.26529433
2024-01-09 00:00:00+00:00,0.0001,46972.6
2024-01-09 08:00:00+00:00,0.0001,46838.74650709
2024-01-09 16:00:00+00:00,0.0001,46872.4
2024-01-10 00:00:00+00:00,0.0001,46114.0
2024-01-10 08:00:00+00:00,0.0001,45766.4
2024-01-10 16:00:00+00:00,0.0001,45570.58561702
2024-01-11 00:00:00+00:00,0.0001,46657.58933688
2024-01-11 08:00:00+00:00,0.0001,46096.00527305
2024-01-11 16:00:00+00:00,0.0001,46789.70540426
2024-01-12 00:00:00+00:00,0.0001,46341.69723404
2024-01-12 08:00:00+00:00,0.0001,46008.31871986
2024-01-12 16:00:00+00:00,0.0001,44492.64061702
2024-01-13 00:00:00+00:00,0.0001,42789.0
2024-01-13 08:00:00+00:00,0.0001,43102.1
2024-01-13 16:00:00+00:00,0.0001,43159.76276596
2024-01-14 00:00:00+00:00,0.0001,42847.30638298
2024-01-14 08:00:00+00:00,0.0001,43011.58925532
2024-01-14 16:00:00+00:00,0.0001,42908.4
2024-01-15 00:00:00+00:00,0.0001,41739.6
2024-01-15 08:00:00+00:00,0.0001,42716.86510638
2024-01-15 16:00:00+00:00,0.0001,42278.82404255
2024-01-16 00:00:00+00:00,0.0001,42519.39276596
2024-01-16 08:00:00+00:00,0.0001,42785.20319149
2024-01-16 16:00:00+00:00,0.0001,43252.8
2024-01-17 00:00:00+00:00,0.0001,43140.2157695
2024-01-17 08:00:00+00:00,0.0001,42657.36403546
2024-01-17 16:00:00+00:00,0.0001,42480.1466859
2024-01-18 00:00:00+00:00,0.0001,42781.95793262
2024-01-18 08:00:00+00:00,0.0001,42915.94085106
2024-01-18 16:00:00+00:00,0.0001,42618.3
2024-01-19 00:00:00+00:00,0.0001,41312.34723404
2024-01-19 08:00:00+00:00,0.0001,41282.0
2024-01-19 16:00:00+00:00,0.0001,40897.1
2024-01-20 00:00:00+00:00,0.0001,41662.1
2024-01-20 08:00:00+00:00,0.0001,41650.68431818
2024-01-20 16:00:00+00:00,0.0001,41568.28595745
2024-01-21 00:00:00+00:00,0.0001,41693.91453546
2024-01-21 08:00:00+00:00,0.0001,41648.18463415
2024-01-21 16:00:00+00:00,0.0001,41652.7
2024-01-22 00:00:00+00:00,0.0001,41578.57680851
2024-01-22 08:00:00+00:00,0.0001,41041.20808511
2024-01-22 16:00:00+00:00,0.0001,40767.10361702
2024-01-23 00:00:00+00:00,0.0001,39566.15381552
2024-01-23 08:00:00+00:00,0.0001,39777.14965957
2024-01-23 16:00:00+00:00,0.0001,39204.77723404
2024-01-24 00:00:00+00:00,0.0001,39891.9286553
2024-01-24 08:00:00+00:00,0.0001,39973.35340426
2024-01-24 16:00:00+00:00,0.0001,40048.44006491
2024-01-25 00:00:00+00:00,0.0001,40078.8
2024-01-25 08:00:00+00:00,0.0001,40122.98766288
2024-01-25 16:00:00+00:00,0.0001,39799.30407092
2024-01-26 00:00:00+00:00,0.0001,39953.3
2024-01-26 08:00:00+00:00,0.0001,39957.97820833
2024-01-26 16:00:00+00:00,0.0001,41408.24000758
2024-01-27 00:00:00+00:00,8.966e-05,41806.4
2024-01-27 08:00:00+00:00,0.0001,41699.0
2024-01-27 16:00:00+00:00,8.3e-05,41797.4
2024-01-28 00:00:00+00:00,0.0001,42102.2
2024-01-28 08:00:00+00:00,4.725e-05,42370.0
2024-01-28 16:00:00+00:00,0.0001,42244.5
2024-01-29 00:00:00+00:00,0.0001,42021.3
2024-01-29 08:00:00+00:00,9.142e-05,42040.0
2024-01-29 16:00:00+00:00,0.0001,42626.51582979
2024-01-30 00:00:00+00:00,0.0001,43287.7
2024-01-30 08:00:00+00:00,9.492e-05,43346.6
2024-01-30 16:00:00+00:00,5.149e-05,43355.4
2024-01-31 00:00:00+00:00,2.154e-05,42925.49865957
2024-01-31 08:00:00+00:00,0.0001,43040.12039716
2024-01-31 16:00:00+00:00,0.0001,43348.2
2024-02-01 00:00:00+00:00,0.0001,42563.08635461
2024-02-01 08:00:00+00:00,0.0001,42182.2
2024-02-01 16:00:00+00:00,0.0001,42500.13148936
2024-02-02 00:00:00+00:00,0.0001,43072.6
2024-02-02 08:00:00+00:00,0.0001,43085.75394326
2024-02-02 16:00:00+00:00,0.0001,43224.06110638
2024-02-03 00:00:00+00:00,7.627e-05,43182.0
2024-02-03 08:00:00+00:00,9.042e-05,43037.0
2024-02-03 16:00:00+00:00,8.028e-05,43098.7902305
2024-02-04 00:00:00+00:00,8.307e-05,42993.33852128
2024-02-04 08:00:00+00:00,8.846e-05,42824.48293972
2024-02-04 16:00:00+00:00,0.0001,42926.7
2024-02-05 00:00:00+00:00,0.0001,42570.4
2024-02-05 08:00:00+00:00,0.0001,43059.0
2024-02-05 16:00:00+00:00,0.0001,42629.6
2024-02-06 00:00:00+00:00,0.0001,42693.5927695
2024-02-06 08:00:00+00:00,6.723e-05,42875.22371986
2024-02-06 16:00:00+00:00,0.0001,43232.25541135
2024-02-07 00:00:00+00:00,7.527e-05,43079.1
2024-02-07 08:00:00+00:00,5.373e-05,42904.8
2024-02-07 16:00:00+00:00,8.306e-05,43052.5
2024-02-08 00:00:00+00:00,0.0001,44326.22497872
2024-02-08 08:00:00+00:00,6.535e-05,44499.74975887
2024-02-08 16:00:00+00:00,2.59e-05,45411.12230496
2024-02-09 00:00:00+00:00,3.16e-05,45269.2
2024-02-09 08:00:00+00:00,0.0001,46189.13810284
2024-02-09 16:00:00+00:00,9.801e-05,47136.9
2024-02-10 00:00:00+00:00,8.041e-05,47116.64691288
2024-02-10 08:00:00+00:00,0.0001,47132.3889697
2024-02-10 16:00:00+00:00,0.0001,47334.5777112
2024-02-11 00:00:00+00:00,0.0001,47734.61973485
2024-02-11 08:00:00+00:00,0.0001,48169.53924621
2024-02-11 16:00:00+00:00,0.0001,48145.85068561
2024-02-12 00:00:00+00:00,0.0001,48298.07332955
2024-02-12 08:00:00+00:00,0.0001,48206.78867803
2024-02-12 16:00:00+00:00,0.0001,49919.4
2024-02-13 00:00:00+00:00,0.0001,49935.64595076
2024-02-13 08:00:00+00:00,0.0001,50016.04285106
2024-02-13 16:00:00+00:00,0.0001,48753.2
2024-02-14 00:00:00+00:00,0.0001,49697.29248227
2024-02-14 08:00:00+00:00,0.0001,49841.90018794
2024-02-14 16:00:00+00:00,0.00012283,51610.33415603
2024-02-15 00:00:00+00:00,0.0001,51816.90327305
2024-02-15 08:00:00+00:00,0.0001,51802.4
2024-02-15 16:00:00+00:00,0.0001,51961.58883688
2024-02-16 00:00:00+00:00,0.0001,51899.1
2024-02-16 08:00:00+00:00,0.0001,51779.57268794
2024-02-16 16:00:00+00:00,0.0001,51909.3
2024-02-17 00:00:00+00:00,0.0001,52145.88278014
2024-02-17 08:00:00+00:00,0.0001,51934.0
2024-02-17 16:00:00+00:00,0.00016041,51013.4
2024-02-18 00:00:00+00:00,0.0001724,51675.01974242
2024-02-18 08:00:00+00:00,0.00015305,51697.70652273
2024-02-18 16:00:00+00:00,0.00017095,51809.0
2024-02-19 00:00:00+00:00,0.00023064,52163.39962677
2024-02-19 08:00:00+00:00,0.00019594,52423.9
2024-02-19 16:00:00+00:00,0.00013327,52158.9
2024-02-20 00:00:00+00:00,0.00010461,51813.08142803
2024-02-20 08:00:00+00:00,0.00010912,51868.89496454
2024-02-20 16:00:00+00:00,0.00020259,51703.73815248
2024-02-21 00:00:00+00:00,0.0001,52297.4
2024-02-21 08:00:00+00:00,0.00011242,51595.13521986
2024-02-21 16:00:00+00:00,0.0001,51183.7
2024-02-22 00:00:00+00:00,0.0001,51877.9
2024-02-22 08:00:00+00:00,0.0001348,51856.75509429
2024-02-22 16:00:00+00:00,0.00012557,51630.0
2024-02-23 00:00:00+00:00,0.0001,51315.77902837
2024-02-23 08:00:00+00:00,0.0001,50947.90000721
2024-02-23 16:00:00+00:00,0.00012991,50934.48172469
2024-02-24 00:00:00+00:00,0.0001,50759.00207801
2024-02-24 08:00:00+00:00,0.0001,51094.97830142
2024-02-24 16:00:00+00:00,0.0001,51124.6
2024-02-25 00:00:00+00:00,0.00011438,51601.57573485
2024-02-25 08:00:00+00:00,0.00015012,51747.27246212
2024-02-25 16:00:00+00:00,0.00015062,51547.9
2024-02-26 00:00:00+00:00,0.00026761,51758.94718182
2024-02-26 08:00:00+00:00,0.00021567,51326.60957197
2024-02-26 16:00:00+00:00,0.00027227,52868.43844318
2024-02-27 00:00:00+00:00,0.00032262,54511.6
2024-02-27 08:00:00+00:00,0.00073521,56100.1
2024-02-27 16:00:00+00:00,0.00022965,56772.2842234
2024-02-28 00:00:00+00:00,0.00026729,57074.35007447
2024-02-28 08:00:00+00:00,0.00023682,58285.92319504
2024-02-28 16:00:00+00:00,0.00053538,60999.3082305
2024-02-29 00:00:00+00:00,0.00069091,62477.4815864
2024-02-29 08:00:00+00:00,0.00076337,62755.48857737
2024-02-29 16:00:00+00:00,0.00057031,62809.1
2024-03-01 00:00:00+00:00,0.00053322,61203.4
2024-03-01 08:00:00+00:00,0.00064824,61474.21160638
2024-03-01 16:00:00+00:00,0.0004601,61335.4
2024-03-02 00:00:00+00:00,0.00033426,62426.84994681
2024-03-02 08:00:00+00:00,0.00057174,62071.9
2024-03-02 16:00:00+00:00,0.00056396,61834.6
2024-03-03 00:00:00+00:00,0.00046267,62039.9
2024-03-03 08:00:00+00:00,0.00042989,61641.1
2024-03-03 16:00:00+00:00,0.00044598,62210.7
2024-03-04 00:00:00+00:00,0.00055071,63178.6
2024-03-04 08:00:00+00:00,0.00046833,64120.5
2024-03-04 16:00:00+00:00,0.0006362,66504.19310494
2024-03-05 00:00:00+00:00,0.0004896,68296.4
2024-03-05 08:00:00+00:00,0.00082969,66223.7
2024-03-05 16:00:00+00:00,0.00088148,66840.7
2024-03-06 00:00:00+00:00,0.0003628,63737.46570213
2024-03-06 08:00:00+00:00,0.00033876,66733.45835461
2024-03-06 16:00:00+00:00,0.00049354,66534.41841489
2024-03-07 00:00:00+00:00,0.00030311,66118.62122727
2024-03-07 08:00:00+00:00,0.00040984,66447.8
2024-03-07 16:00:00+00:00,0.00054217,67317.1
2024-03-08 00:00:00+00:00,0.00034819,66869.9
2024-03-08 08:00:00+00:00,0.00043497,67302.03139394
2024-03-08 16:00:00+00:00,0.00062913,67699.7
2024-03-09 00:00:00+00:00,0.00019134,68174.9926773
2024-03-09 08:00:00+00:00,0.00031281,68336.4
2024-03-09 16:00:00+00:00,0.00026407,68340.09113121
2024-03-10 00:00:00+00:00,0.0003101,68360.1
2024-03-10 08:00:00+00:00,0.00063451,69424.70837234
2024-03-10 16:00:00+00:00,0.00054479,69254.7
2024-03-11 00:00:00+00:00,0.00035489,69000.0
2024-03-11 08:00:00+00:00,0.00078428,71203.54634442
2024-03-11 16:00:00+00:00,0.00066396,72056.4
2024-03-12 00:00:00+00:00,0.0004447,72153.9
2024-03-12 08:00:00+00:00,0.000453,72175.5
2024-03-12 16:00:00+00:00,0.00047935,71771.34852113
2024-03-13 00:00:00+00:00,0.00033224,71506.8
2024-03-13 08:00:00+00:00,0.0006442,72962.13824516
2024-03-13 16:00:00+00:00,0.00045402,72670.2
2024-03-14 00:00:00+00:00,0.00024393,73120.70119365
2024-03-14 08:00:00+00:00,0.00038753,73280.7
2024-03-14 16:00:00+00:00,0.00038258,70904.4
2024-03-15 00:00:00+00:00,0.00038515,71453.22446454
2024-03-15 08:00:00+00:00,0.00014328,68487.4
2024-03-15 16:00:00+00:00,0.00015306,68191.10550016
2024-03-16 00:00:00+00:00,0.0001,69517.88923404
2024-03-16 08:00:00+00:00,0.00023202,69477.38707245
2024-03-16 16:00:00+00:00,0.00020813,68423.44776418
2024-03-17 00:00:00+00:00,0.00013089,65350.9
2024-03-17 08:00:00+00:00,0.00017773,65688.6
2024-03-17 16:00:00+00:00,0.00024827,68006.97658156
2024-03-18 00:00:00+00:00,0.00020181,68448.0
2024-03-18 08:00:00+00:00,0.00030597,68259.58774823
2024-03-18 16:00:00+00:00,0.00027195,67509.1
2024-03-19 00:00:00+00:00,0.00026923,67648.11833623
2024-03-19 08:00:00+00:00,0.00029065,64738.78331206
2024-03-19 16:00:00+00:00,0.00024018,64080.74999621
2024-03-20 00:00:00+00:00,0.00015847,61974.0
2024-03-20 08:00:00+00:00,0.00018388,62996.5
2024-03-20 16:00:00+00:00,0.0001,63641.4059286
2024-03-21 00:00:00+00:00,0.00010403,67863.7
2024-03-21 08:00:00+00:00,0.00019304,67030.14523864
2024-03-21 16:00:00+00:00,0.0001951,66589.30761364
2024-03-22 00:00:00+00:00,0.00016271,65538.7
2024-03-22 08:00:00+00:00,0.0001,66217.1362234
2024-03-22 16:00:00+00:00,0.00011993,63904.4291844
2024-03-23 00:00:00+00:00,0.0001,63813.37344681
2024-03-23 08:00:00+00:00,0.0001,64606.5
2024-03-23 16:00:00+00:00,0.00010806,65141.7150922
2024-03-24 00:00:00+00:00,0.00010351,64020.3
2024-03-24 08:00:00+00:00,0.00014616,64622.20133333
2024-03-24 16:00:00+00:00,0.00015884,65710.93932745
2024-03-25 00:00:00+00:00,0.00025549,67255.74783333
2024-03-25 08:00:00+00:00,0.00016324,66866.6
2024-03-25 16:00:00+00:00,0.00028815,69837.28693262
2024-03-26 00:00:00+00:00,0.00021963,69920.5
2024-03-26 08:00:00+00:00,0.00018348,70516.73747518
2024-03-26 16:00:00+00:00,0.00026764,70307.1
2024-03-27 00:00:00+00:00,0.00028757,70039.82099291
2024-03-27 08:00:00+00:00,0.00029551,69776.11503546
2024-03-27 16:00:00+00:00,0.00043631,68921.6919539
2024-03-28 00:00:00+00:00,0.00024195,69532.6
2024-03-28 08:00:00+00:00,0.00029899,70449.15108511
2024-03-28 16:00:00+00:00,0.0002943,71320.0209078
2024-03-29 00:00:00+00:00,0.0001825,70833.5853617
2024-03-29 08:00:00+00:00,0.00025456,69853.35957447
2024-03-29 16:00:00+00:00,0.0003017,69219.28912057
2024-03-30 00:00:00+00:00,0.00019624,69898.73039007
2024-03-30 08:00:00+00:00,0.00032267,69902.0
2024-03-30 16:00:00+00:00,0.0003436,70057.7249405
2024-03-31 00:00:00+00:00,0.00032351,69636.36575177
2024-03-31 08:00:00+00:00,0.00039889,70353.76273404
2024-03-31 16:00:00+00:00,0.00040301,70446.1
2024-04-01 00:00:00+00:00,0.00070161,71363.0
2024-04-01 08:00:00+00:00,0.00033491,69636.12130851
2024-04-01 16:00:00+00:00,0.00027469,68284.83075177
2024-04-02 00:00:00+00:00,0.00010926,69700.0
2024-04-02 08:00:00+00:00,0.0001,66501.27906028
2024-04-02 16:00:00+00:00,0.00016456,64922.16995035
2024-04-03 00:00:00+00:00,0.0001,65488.95697163
2024-04-03 08:00:00+00:00,0.0001,66172.55866471
2024-04-03 16:00:00+00:00,0.0001,65867.4
2024-04-04 00:00:00+00:00,0.0001,65971.50290071
2024-04-04 08:00:00+00:00,0.0001,66097.48730496
2024-04-04 16:00:00+00:00,0.0001,67631.7
2024-04-05 00:00:00+00:00,0.0001,68489.8
2024-04-05 08:00:00+00:00,0.0001,66931.37729274
2024-04-05 16:00:00+00:00,0.0001,68207.38882979
2024-04-06 00:00:00+00:00,0.0001,67823.48319149
2024-04-06 08:00:00+00:00,0.0001,67985.2
2024-04-06 16:00:00+00:00,0.0001,68094.0
2024-04-07 00:00:00+00:00,0.0001,68892.1980922
2024-04-07 08:00:00+00:00,0.0001,69367.4
2024-04-07 16:00:00+00:00,0.0001,69560.34690071
2024-04-08 00:00:00+00:00,0.0001,69362.7
2024-04-08 08:00:00+00:00,0.0001,70726.91580142
2024-04-08 16:00:00+00:00,0.00035189,71815.7
2024-04-09 00:00:00+00:00,0.00020915,71675.677
2024-04-09 08:00:00+00:00,0.00020603,70434.57300709
2024-04-09 16:00:00+00:00,0.00019061,69302.80935461
2024-04-10 00:00:00+00:00,0.00011929,69189.2
2024-04-10 08:00:00+00:00,0.00012457,69375.34143262
2024-04-10 16:00:00+00:00,0.0001,68687.9
2024-04-11 00:00:00+00:00,0.00013979,70674.32305943
2024-04-11 08:00:00+00:00,0.00020153,70780.71202837
2024-04-11 16:00:00+00:00,0.00019763,70045.9
2024-04-12 00:00:00+00:00,0.00011258,70048.05615603
2024-04-12 08:00:00+00:00,0.0002563,70825.9
2024-04-12 16:00:00+00:00,0.00012214,69375.1
2024-04-13 00:00:00+00:00,0.0001,67148.9
2024-04-13 08:00:00+00:00,0.0001,67466.1
2024-04-13 16:00:00+00:00,0.0001,67683.1
2024-04-14 00:00:00+00:00,0.0001,63925.03126241
2024-04-14 08:00:00+00:00,0.0001,64455.64639007
2024-04-14 16:00:00+00:00,0.0001,64164.20358156
2024-04-15 00:00:00+00:00,0.0001,65624.38156028
2024-04-15 08:00:00+00:00,1.759e-05,66235.58104965
2024-04-15 16:00:00+00:00,0.0001,64545.8
2024-04-16 00:00:00+00:00,5.953e-05,63392.8
2024-04-16 08:00:00+00:00,9.525e-05,63487.9
2024-04-16 16:00:00+00:00,3.513e-05,61753.05706383
2024-04-17 00:00:00+00:00,6.375e-05,63775.629
2024-04-17 08:00:00+00:00,3.574e-05,63257.26621277
2024-04-17 16:00:00+00:00,6.534e-05,60280.74173759
2024-04-18 00:00:00+00:00,6.937e-05,61254.5
2024-04-18 08:00:00+00:00,5.982e-05,61154.7
2024-04-18 16:00:00+00:00,-3.334e-05,63474.0
2024-04-19 00:00:00+00:00,-3.12e-05,63445.0
2024-04-19 08:00:00+00:00,6.641e-05,64517.9
2024-04-19 16:00:00+00:00,5.88e-05,64425.67251773
2024-04-20 00:00:00+00:00,0.0001,63787.4
2024-04-20 08:00:00+00:00,-7.66e-06,63937.9
2024-04-20 16:00:00+00:00,4.204e-05,64779.48886525
2024-04-21 00:00:00+00:00,3.186e-05,64905.14994326
2024-04-21 08:00:00+00:00,-2.093e-05,65110.09575935
2024-04-21 16:00:00+00:00,8.271e-05,65016.22880142
2024-04-22 00:00:00+00:00,4.409e-05,64912.6
2024-04-22 08:00:00+00:00,2.497e-05,65943.87257447
2024-04-22 16:00:00+00:00,8.98e-06,65964.3
2024-04-23 00:00:00+00:00,-1.236e-05,66788.36807801
2024-04-23 08:00:00+00:00,5.24e-05,66080.0
2024-04-23 16:00:00+00:00,-1.083e-05,66380.6
2024-04-24 00:00:00+00:00,1.413e-05,66386.3
2024-04-24 08:00:00+00:00,5.302e-05,66593.33268794
2024-04-24 16:00:00+00:00,7.047e-05,64598.8
2024-04-25 00:00:00+00:00,7.02e-05,64255.45886525
2024-04-25 08:00:00+00:00,4.069e-05,63991.2496383
2024-04-25 16:00:00+00:00,1.14e-05,64103.02705674
2024-04-26 00:00:00+00:00,1.709e-05,64478.7
2024-04-26 08:00:00+00:00,6.85e-06,64238.35636879
2024-04-26 16:00:00+00:00,5.562e-05,63481.3
2024-04-27 00:00:00+00:00,0.0001,63748.8
2024-04-27 08:00:00+00:00,7.47e-05,62944.2
2024-04-27 16:00:00+00:00,2.834e-05,62930.3845461
2024-04-28 00:00:00+00:00,1.006e-05,63426.63009929
2024-04-28 08:00:00+00:00,-2.081e-05,63883.1
2024-04-28 16:00:00+00:00,2.782e-05,63508.6
2024-04-29 00:00:00+00:00,2.472e-05,63088.4
2024-04-29 08:00:00+00:00,5.544e-05,62367.26310638
2024-04-29 16:00:00+00:00,6.828e-05,63012.0
2024-04-30 00:00:00+00:00,9.74e-05,63832.2
2024-04-30 08:00:00+00:00,9.154e-05,63123.7
2024-04-30 16:00:00+00:00,0.0001,60771.32493617
2024-05-01 00:00:00+00:00,0.0001,60651.1
2024-05-01 08:00:00+00:00,8.946e-05,57476.7
2024-05-01 16:00:00+00:00,9.902e-05,56865.26551064
2024-05-02 00:00:00+00:00,6.634e-05,58312.12589362
2024-05-02 08:00:00+00:00,6.169e-05,57646.04275887
2024-05-02 16:00:00+00:00,-1.23e-06,59229.39228369
2024-05-03 00:00:00+00:00,-1.549e-05,59037.02063121
2024-05-03 08:00:00+00:00,-3.764e-05,59158.1
2024-05-03 16:00:00+00:00,8.091e-05,61662.1
2024-05-04 00:00:00+00:00,2.703e-05,62853.7
2024-05-04 08:00:00+00:00,7.455e-05,62933.77334752
2024-05-04 16:00:00+00:00,6.265e-05,63590.0
2024-05-05 00:00:00+00:00,6.906e-05,63864.2
2024-05-05 08:00:00+00:00,6.47e-06,63702.80847518
2024-05-05 16:00:00+00:00,3.893e-05,64398.1
2024-05-06 00:00:00+00:00,6.02e-06,63988.0
2024-05-06 08:00:00+00:00,-1.031e-05,64510.20934752
2024-05-06 16:00:00+00:00,7.746e-05,63607.85171631
2024-05-07 00:00:00+00:00,6.064e-05,63142.8
2024-05-07 08:00:00+00:00,1.581e-05,63649.0
2024-05-07 16:00:00+00:00,9.028e-05,63715.90033333
2024-05-08 00:00:00+00:00,4.891e-05,62295.9
2024-05-08 08:00:00+00:00,5.553e-05,62186.7
2024-05-08 16:00:00+00:00,9.292e-05,62251.9
2024-05-09 00:00:00+00:00,5.648e-05,61162.48592199
2024-05-09 08:00:00+00:00,3.315e-05,61227.65535461
2024-05-09 16:00:00+00:00,7.253e-05,62124.75106383
2024-05-10 00:00:00+00:00,1.026e-05,63050.1
2024-05-10 08:00:00+00:00,5.934e-05,63053.8
2024-05-10 16:00:00+00:00,7.653e-05,60902.45242553
2024-05-11 00:00:00+00:00,8.881e-05,60778.1
2024-05-11 08:00:00+00:00,3.771e-05,60989.66753191
2024-05-11 16:00:00+00:00,5.067e-05,61148.13121277
2024-05-12 00:00:00+00:00,2.604e-05,60809.2
2024-05-12 08:00:00+00:00,2.83e-05,60804.4
2024-05-12 16:00:00+00:00,0.0001,61395.9
2024-05-13 00:00:00+00:00,0.0001,61455.7
2024-05-13 08:00:00+00:00,8.469e-05,62307.64358156
2024-05-13 16:00:00+00:00,9.151e-05,62977.1
2024-05-14 00:00:00+00:00,9.866e-05,62917.6
2024-05-14 08:00:00+00:00,0.0001,62003.15186525
2024-05-14 16:00:00+00:00,4.392e-05,61749.9
2024-05-15 00:00:00+00:00,0.0001,61551.95992663
2024-05-15 08:00:00+00:00,-3.85e-06,62161.81007092
2024-05-15 16:00:00+00:00,2.373e-05,64699.9
2024-05-16 00:00:00+00:00,2.103e-05,66176.31760993
2024-05-16 08:00:00+00:00,5.148e-05,66106.70102128
2024-05-16 16:00:00+00:00,3.543e-05,65800.0
2024-05-17 00:00:00+00:00,4.647e-05,65217.8
2024-05-17 08:00:00+00:00,8.15e-06,66352.72417461
2024-05-17 16:00:00+00:00,-2.98e-06,67165.6
2024-05-18 00:00:00+00:00,6.28e-06,66981.43681585
2024-05-18 08:00:00+00:00,8.012e-05,66856.73875177
2024-05-18 16:00:00+00:00,-7.92e-06,66782.78803546
2024-05-19 00:00:00+00:00,3.339e-05,66889.61222695
2024-05-19 08:00:00+00:00,5.21e-05,67299.09055319
2024-05-19 16:00:00+00:00,4.779e-05,66863.0
2024-05-20 00:00:00+00:00,5.607e-05,66239.4
2024-05-20 08:00:00+00:00,2.479e-05,66793.11759574
2024-05-20 16:00:00+00:00,2.552e-05,67388.60888652
2024-05-21 00:00:00+00:00,0.0001,71464.47075887
2024-05-21 08:00:00+00:00,0.00010517,70922.67915603
2024-05-21 16:00:00+00:00,0.0001,69865.29020567
2024-05-22 00:00:00+00:00,0.0001,70161.66021986
2024-05-22 08:00:00+00:00,0.00015759,69757.98929787
2024-05-22 16:00:00+00:00,0.0001,70485.7
2024-05-23 00:00:00+00:00,0.0001,69216.74829078
2024-05-23 08:00:00+00:00,0.0001,69769.14902128
2024-05-23 16:00:00+00:00,0.0001,68101.47424823
2024-05-24 00:00:00+00:00,0.0001,67999.9
2024-05-24 08:00:00+00:00,0.0001,67186.21074468
2024-05-24 16:00:00+00:00,0.0001,68340.2
2024-05-25 00:00:00+00:00,0.0001,68575.85285816
2024-05-25 08:00:00+00:00,0.0001,68775.0
2024-05-25 16:00:00+00:00,0.0001,68945.95530496
2024-05-26 00:00:00+00:00,0.0001,69310.33024113
2024-05-26 08:00:00+00:00,0.0001,69359.2
2024-05-26 16:00:00+00:00,0.0001,68863.88640426
2024-05-27 00:00:00+00:00,0.0001,68524.3
2024-05-27 08:00:00+00:00,0.0001,68661.1
2024-05-27 16:00:00+00:00,0.0001,70420.53890071
2024-05-28 00:00:00+00:00,0.0001,69461.6
2024-05-28 08:00:00+00:00,0.0001,67712.0
2024-05-28 16:00:00+00:00,0.0001,68397.0
2024-05-29 00:00:00+00:00,0.0001,68437.69424823
2024-05-29 08:00:00+00:00,0.0001,67984.3
2024-05-29 16:00:00+00:00,0.00012558,67420.5
2024-05-30 00:00:00+00:00,0.0001,67686.7
2024-05-30 08:00:00+00:00,0.0001,67624.98587234
2024-05-30 16:00:00+00:00,0.0001,68559.01355319
2024-05-31 00:00:00+00:00,0.00014599,68397.3161844
2024-05-31 08:00:00+00:00,0.00012268,68221.71889362
2024-05-31 16:00:00+00:00,0.0001,67252.7
2024-06-01 00:00:00+00:00,0.0001,67570.9311773
2024-06-01 08:00:00+00:00,0.0001,67672.36980851
2024-06-01 16:00:00+00:00,0.0001025,67722.94709929
2024-06-02 00:00:00+00:00,0.0001,67799.3
2024-06-02 08:00:00+00:00,0.0001,67743.0
2024-06-02 16:00:00+00:00,0.0001,68189.9
2024-06-03 00:00:00+00:00,0.0001,67806.0
2024-06-03 08:00:00+00:00,0.00014135,68949.97496454
2024-06-03 16:00:00+00:00,0.0001,69637.74636879
2024-06-04 00:00:00+00:00,0.00012008,68851.3
2024-06-04 08:00:00+00:00,0.0001,69048.97910492
2024-06-04 16:00:00+00:00,0.0001,70485.89790071
2024-06-05 00:00:00+00:00,0.0001,70580.1
2024-06-05 08:00:00+00:00,0.00016387,71237.1757305
2024-06-05 16:00:00+00:00,0.00013226,71625.2
2024-06-06 00:00:00+00:00,0.0001,71133.3
2024-06-06 08:00:00+00:00,0.00010438,71073.71043287
2024-06-06 16:00:00+00:00,0.0001177,71332.40630496
2024-06-07 00:00:00+00:00,0.0001,70830.0
2024-06-07 08:00:00+00:00,0.0001,71147.9
2024-06-07 16:00:00+00:00,0.00010166,71150.0
2024-06-08 00:00:00+00:00,0.0001,69377.0
2024-06-08 08:00:00+00:00,0.0001,69612.10561702
2024-06-08 16:00:00+00:00,0.0001,69462.1
2024-06-09 00:00:00+00:00,0.0001,69346.5
2024-06-09 08:00:00+00:00,0.0001,69331.9
2024-06-09 16:00:00+00:00,0.0001,69530.2
2024-06-10 00:00:00+00:00,0.0001,69667.1
2024-06-10 08:00:00+00:00,0.0001,69325.2
2024-06-10 16:00:00+00:00,0.0001,70074.60734043
2024-06-11 00:00:00+00:00,0.0001,69558.7
2024-06-11 08:00:00+00:00,0.0001,67582.1
2024-06-11 16:00:00+00:00,0.0001,66260.45943972
2024-06-12 00:00:00+00:00,0.0001,67316.36897872
2024-06-12 08:00:00+00:00,0.0001,67453.49152482
2024-06-12 16:00:00+00:00,0.0001,69735.431
2024-06-13 00:00:00+00:00,0.0001,68269.15138298
2024-06-13 08:00:00+00:00,0.0001,67724.69510638
2024-06-13 16:00:00+00:00,0.0001,66469.37042553
2024-06-14 00:00:00+00:00,0.0001,66782.2900922
2024-06-14 08:00:00+00:00,0.0001,66907.91765957
2024-06-14 16:00:00+00:00,0.0001,66387.61166667
2024-06-15 00:00:00+00:00,0.0001,66039.7
2024-06-15 08:00:00+00:00,0.0001,66076.87574468
2024-06-15 16:00:00+00:00,0.0001,66311.9
2024-06-16 00:00:00+00:00,0.0001,66213.73051773
2024-06-16 08:00:00+00:00,0.0001,66249.4
2024-06-16 16:00:00+00:00,0.0001,66693.21286525
2024-06-17 00:00:00+00:00,0.0001,66658.12655319
2024-06-17 08:00:00+00:00,0.0001,66147.3
2024-06-17 16:00:00+00:00,0.0001,65341.9
2024-06-18 00:00:00+00:00,0.0001,66472.0
2024-06-18 08:00:00+00:00,8.236e-05,65646.3
2024-06-18 16:00:00+00:00,0.0001,64676.43110638
2024-06-19 00:00:00+00:00,0.0001,65150.0
2024-06-19 08:00:00+00:00,4.127e-05,65295.0
2024-06-19 16:00:00+00:00,2.967e-05,64895.42413059
2024-06-20 00:00:00+00:00,3.934e-05,64946.30757887
2024-06-20 08:00:00+00:00,5.953e-05,65831.3
2024-06-20 16:00:00+00:00,6.879e-05,64801.04885816
2024-06-21 00:00:00+00:00,3.344e-05,64853.9
2024-06-21 08:00:00+00:00,7.328e-05,64180.8
2024-06-21 16:00:00+00:00,0.0001,63712.0
2024-06-22 00:00:00+00:00,0.0001,64124.0
2024-06-22 08:00:00+00:00,4.146e-05,64490.1
2024-06-22 16:00:00+00:00,0.0001,64283.46988652
2024-06-23 00:00:00+00:00,0.0001,64242.51785816
2024-06-23 08:00:00+00:00,2.307e-05,64390.0
2024-06-23 16:00:00+00:00,4.676e-05,64071.8
2024-06-24 00:00:00+00:00,9.534e-05,63195.0
2024-06-24 08:00:00+00:00,0.0001,62433.7
2024-06-24 16:00:00+00:00,7.488e-05,60823.2
2024-06-25 00:00:00+00:00,7.447e-05,60273.5
2024-06-25 08:00:00+00:00,5.949e-05,60660.0
2024-06-25 16:00:00+00:00,7.752e-05,61776.0
2024-06-26 00:00:00+00:00,0.0001,61780.09841844
2024-06-26 08:00:00+00:00,0.0001,61705.3
2024-06-26 16:00:00+00:00,0.0001,61440.2
2024-06-27 00:00:00+00:00,0.0001,60860.38514894
2024-06-27 08:00:00+00:00,0.0001,60787.35553191
2024-06-27 16:00:00+00:00,0.0001,61570.5
2024-06-28 00:00:00+00:00,0.0001,61682.0
2024-06-28 08:00:00+00:00,0.0001,61331.02739716
2024-06-28 16:00:00+00:00,0.0001,61048.94459574
2024-06-29 00:00:00+00:00,0.0001,60430.21393617
2024-06-29 08:00:00+00:00,0.0001,61049.49890071
2024-06-29 16:00:00+00:00,0.0001,61108.14415603
2024-06-30 00:00:00+00:00,0.0001,60982.4
2024-06-30 08:00:00+00:00,0.0001,61529.93914894
2024-06-30 16:00:00+00:00,0.0001,61714.61340426
2024-07-01 00:00:00+00:00,0.0001,62766.17652482
2024-07-01 08:00:00+00:00,0.0001,63263.85829787
2024-07-01 16:00:00+00:00,0.0001,63120.0
2024-07-02 00:00:00+00:00,0.0001,62892.46180142
2024-07-02 08:00:00+00:00,0.0001,62620.94928369
2024-07-02 16:00:00+00:00,0.0001,61944.23702128
2024-07-03 00:00:00+00:00,0.0001,62123.6
2024-07-03 08:00:00+00:00,0.0001,60874.01737589
2024-07-03 16:00:00+00:00,0.0001,60178.96865957
2024-07-04 00:00:00+00:00,0.0001,60207.9
2024-07-04 08:00:00+00:00,0.0001,58214.0
2024-07-04 16:00:00+00:00,0.0001,58124.9
2024-07-05 00:00:00+00:00,0.0001,57045.15234043
2024-07-05 08:00:00+00:00,0.0001,54397.5
2024-07-05 16:00:00+00:00,1.762e-05,56623.9
2024-07-06 00:00:00+00:00,5.729e-05,56609.0
2024-07-06 08:00:00+00:00,7.512e-05,56580.08132624
2024-07-06 16:00:00+00:00,3.25e-05,57289.27111519
2024-07-07 00:00:00+00:00,8.164e-05,58216.1
2024-07-07 08:00:00+00:00,0.0001,57346.86809929
2024-07-07 16:00:00+00:00,0.0001,56806.2
2024-07-08 00:00:00+00:00,7.905e-05,55831.0
2024-07-08 08:00:00+00:00,8.222e-05,55825.2
2024-07-08 16:00:00+00:00,0.0001,55736.19858865
2024-07-09 00:00:00+00:00,0.0001,56698.83177305
2024-07-09 08:00:00+00:00,8.61e-06,57102.6
2024-07-09 16:00:00+00:00,0.0001,57453.43046809
2024-07-10 00:00:00+00:00,0.0001,58026.14114894
2024-07-10 08:00:00+00:00,9.225e-05,58951.04627293
2024-07-10 16:00:00+00:00,5.485e-05,57662.34192199
2024-07-11 00:00:00+00:00,0.0001,57707.0
2024-07-11 08:00:00+00:00,0.0001,58164.76708511
2024-07-11 16:00:00+00:00,0.0001,57382.8
2024-07-12 00:00:00+00:00,6.378e-05,57315.5
2024-07-12 08:00:00+00:00,3.026e-05,57079.05523404
2024-07-12 16:00:00+00:00,4.037e-05,58188.9
2024-07-13 00:00:00+00:00,8.319e-05,57870.0
2024-07-13 08:00:00+00:00,6.865e-05,58141.96051064
2024-07-13 16:00:00+00:00,0.0001,58808.5
2024-07-14 00:00:00+00:00,8.737e-05,59174.73812179
2024-07-14 08:00:00+00:00,3.71e-05,60031.33100709
2024-07-14 16:00:00+00:00,8.342e-05,60057.37801174
2024-07-15 00:00:00+00:00,4.59e-05,60766.1
2024-07-15 08:00:00+00:00,3.202e-05,62821.11483688
2024-07-15 16:00:00+00:00,-5.14e-06,62992.91414894
2024-07-16 00:00:00+00:00,-5.062e-05,64698.64956738
2024-07-16 08:00:00+00:00,8.814e-05,62881.8
2024-07-16 16:00:00+00:00,2.717e-05,64838.4
2024-07-17 00:00:00+00:00,-3.419e-05,65003.03756738
2024-07-17 08:00:00+00:00,1.775e-05,65236.46422695
2024-07-17 16:00:00+00:00,2.143e-05,64695.8
2024-07-18 00:00:00+00:00,6.89e-06,64057.3
2024-07-18 08:00:00+00:00,1.546e-05,64643.7
2024-07-18 16:00:00+00:00,3.127e-05,63509.56961702
2024-07-19 00:00:00+00:00,4.029e-05,63959.9
2024-07-19 08:00:00+00:00,4.855e-05,63673.9
2024-07-19 16:00:00+00:00,4.606e-05,65799.9
2024-07-20 00:00:00+00:00,-3.077e-05,66630.29244681
2024-07-20 08:00:00+00:00,1.944e-05,66526.3
2024-07-20 16:00:00+00:00,1.622e-05,66796.9
2024-07-21 00:00:00+00:00,-5.313e-05,67097.7230922
2024-07-21 08:00:00+00:00,2.194e-05,66669.9
2024-07-21 16:00:00+00:00,6.46e-06,67132.78455319
2024-07-22 00:00:00+00:00,9.136e-05,68138.0
2024-07-22 08:00:00+00:00,5.953e-05,67210.4
2024-07-22 16:00:00+00:00,2.769e-05,67044.4
2024-07-23 00:00:00+00:00,4.709e-05,67506.49399291
2024-07-23 08:00:00+00:00,4.31e-05,66548.5
2024-07-23 16:00:00+00:00,4.642e-05,66569.9552695
2024-07-24 00:00:00+00:00,0.0001,65916.81524113
2024-07-24 08:00:00+00:00,0.0001,66049.92706383
2024-07-24 16:00:00+00:00,0.0001,66152.14151773
2024-07-25 00:00:00+00:00,0.0001,65361.80198582
2024-07-25 08:00:00+00:00,0.0001,64115.1
2024-07-25 16:00:00+00:00,0.0001,64773.3
2024-07-26 00:00:00+00:00,0.0001,65773.94198582
2024-07-26 08:00:00+00:00,0.0001,66873.7
2024-07-26 16:00:00+00:00,3.34e-05,67528.0
2024-07-27 00:00:00+00:00,6.547e-05,67882.6
2024-07-27 08:00:00+00:00,8.022e-05,68018.10331915
2024-07-27 16:00:00+00:00,9.109e-05,68821.9
2024-07-28 00:00:00+00:00,8.18e-05,67873.8
2024-07-28 08:00:00+00:00,9.177e-05,67521.2605461
2024-07-28 16:00:00+00:00,2.804e-05,67624.3
2024-07-29 00:00:00+00:00,8.361e-05,68217.6007234
2024-07-29 08:00:00+00:00,5.623e-05,69510.6
2024-07-29 16:00:00+00:00,0.0001,68069.42346099
2024-07-30 00:00:00+00:00,3.396e-05,66757.24782979
2024-07-30 08:00:00+00:00,3.562e-05,66914.0
2024-07-30 16:00:00+00:00,7.691e-05,66198.0
2024-07-31 00:00:00+00:00,3.063e-05,66159.4
2024-07-31 08:00:00+00:00,7.178e-05,66196.4
2024-07-31 16:00:00+00:00,3.826e-05,66354.4
2024-08-01 00:00:00+00:00,8.208e-05,64603.59964539
2024-08-01 08:00:00+00:00,0.0001,64307.13363121
2024-08-01 16:00:00+00:00,0.0001,62888.5
2024-08-02 00:00:00+00:00,0.0001,65328.9
2024-08-02 08:00:00+00:00,0.0001,64160.17275887
2024-08-02 16:00:00+00:00,0.0001,63400.10768182
2024-08-03 00:00:00+00:00,0.0001,61483.7
2024-08-03 08:00:00+00:00,9.788e-05,61636.0
2024-08-03 16:00:00+00:00,4.247e-05,60859.15415152
2024-08-04 00:00:00+00:00,0.0001,60684.5
2024-08-04 08:00:00+00:00,5.343e-05,60349.1
2024-08-04 16:00:00+00:00,0.0001,59053.4
2024-08-05 00:00:00+00:00,0.0001,58139.09001515
2024-08-05 08:00:00+00:00,4.429e-05,52660.0
2024-08-05 16:00:00+00:00,5.967e-05,54294.5
2024-08-06 00:00:00+00:00,3.566e-05,53971.9
2024-08-06 08:00:00+00:00,-2.845e-05,55979.0
2024-08-06 16:00:00+00:00,4.485e-05,56380.14818939
2024-08-07 00:00:00+00:00,-7.3e-06,56008.69646212
2024-08-07 08:00:00+00:00,-6.859e-05,56898.7
2024-08-07 16:00:00+00:00,3.241e-05,56071.41872727
2024-08-08 00:00:00+00:00,2.637e-05,55102.9
2024-08-08 08:00:00+00:00,3.086e-05,57165.6
2024-08-08 16:00:00+00:00,1.147e-05,59389.0
2024-08-09 00:00:00+00:00,4.994e-05,61663.62178788
2024-08-09 08:00:00+00:00,2.184e-05,60844.1
2024-08-09 16:00:00+00:00,4.846e-05,59787.29595455
2024-08-10 00:00:00+00:00,-3.942e-05,60808.7
2024-08-10 08:00:00+00:00,-1.379e-05,60811.14373041
2024-08-10 16:00:00+00:00,-1.949e-05,60480.6
2024-08-11 00:00:00+00:00,4.049e-05,60895.44640282
2024-08-11 08:00:00+00:00,-1.839e-05,61223.3
2024-08-11 16:00:00+00:00,1.185e-05,60099.9
2024-08-12 00:00:00+00:00,1.113e-05,58693.2
2024-08-12 08:00:00+00:00,8.783e-05,58648.02703788
2024-08-12 16:00:00+00:00,-2.238e-05,60168.8
2024-08-13 00:00:00+00:00,6.14e-05,59323.6
2024-08-13 08:00:00+00:00,5.21e-06,59209.36612879
2024-08-13 16:00:00+00:00,-3.902e-05,59442.45730303
2024-08-14 00:00:00+00:00,1.152e-05,60555.47966301
2024-08-14 08:00:00+00:00,-1.33e-05,60887.3
2024-08-14 16:00:00+00:00,-7.811e-05,59394.6
2024-08-15 00:00:00+00:00,-8.488e-05,58650.3632197
2024-08-15 08:00:00+00:00,6.339e-05,58031.9
2024-08-15 16:00:00+00:00,-6.181e-05,59650.62388636
2024-08-16 00:00:00+00:00,-0.00011235,57515.28405303
2024-08-16 08:00:00+00:00,-7.387e-05,58423.3
2024-08-16 16:00:00+00:00,-5.57e-06,58045.46367376
2024-08-17 00:00:00+00:00,1.912e-05,58854.9
2024-08-17 08:00:00+00:00,4.177e-05,59225.59061702
2024-08-17 16:00:00+00:00,-1.52e-06,59357.7
2024-08-18 00:00:00+00:00,3.966e-05,59468.4
2024-08-18 08:00:00+00:00,-1.323e-05,59545.70132624
2024-08-18 16:00:00+00:00,-3.149e-05,59828.8
2024-08-19 00:00:00+00:00,-3.616e-05,58390.1
2024-08-19 08:00:00+00:00,-6.75e-05,58475.4
2024-08-19 16:00:00+00:00,-1.957e-05,58509.48917021
2024-08-20 00:00:00+00:00,-2.656e-05,59400.1
2024-08-20 08:00:00+00:00,1.349e-05,60896.58465248
2024-08-20 16:00:00+00:00,1.419e-05,58792.3754539
2024-08-21 00:00:00+00:00,-6.756e-05,58985.3803617
2024-08-21 08:00:00+00:00,-5.91e-06,59691.0
2024-08-21 16:00:00+00:00,3.96e-06,59485.9
2024-08-22 00:00:00+00:00,-2.229e-05,61120.0
2024-08-22 08:00:00+00:00,1.338e-05,60952.89699291
2024-08-22 16:00:00+00:00,-7.261e-05,60380.30032624
2024-08-23 00:00:00+00:00,-3.329e-05,60349.9
2024-08-23 08:00:00+00:00,2.391e-05,61045.0
2024-08-23 16:00:00+00:00,-4.317e-05,61506.0
2024-08-24 00:00:00+00:00,-7.72e-06,64019.9
2024-08-24 08:00:00+00:00,-7.23e-06,64275.98188652
2024-08-24 16:00:00+00:00,6.395e-05,63943.4
2024-08-25 00:00:00+00:00,-4.806e-05,64121.80289362
2024-08-25 08:00:00+00:00,-1.531e-05,63838.2821773
2024-08-25 16:00:00+00:00,3.108e-05,64099.9
2024-08-26 00:00:00+00:00,2.439e-05,64199.94505674
2024-08-26 08:00:00+00:00,3.448e-05,63603.3
2024-08-26 16:00:00+00:00,3.789e-05,63497.83796772
2024-08-27 00:00:00+00:00,2.795e-05,62814.12365957
2024-08-27 08:00:00+00:00,1.751e-05,62881.1
2024-08-27 16:00:00+00:00,7.753e-05,61679.03746099
2024-08-28 00:00:00+00:00,-6.803e-05,59384.4
2024-08-28 08:00:00+00:00,2.433e-05,58578.22751773
2024-08-28 16:00:00+00:00,1.143e-05,58971.68549645
2024-08-29 00:00:00+00:00,-9.76e-06,59009.8
2024-08-29 08:00:00+00:00,-1.644e-05,59548.9
2024-08-29 16:00:00+00:00,5.59e-06,60751.0
2024-08-30 00:00:00+00:00,9.36e-06,59327.53246099
2024-08-30 08:00:00+00:00,3.578e-05,59250.58815603
2024-08-30 16:00:00+00:00,2.927e-05,58062.7
2024-08-31 00:00:00+00:00,-1.749e-05,59096.3
2024-08-31 08:00:00+00:00,3.578e-05,59064.62867843
2024-08-31 16:00:00+00:00,3.8e-05,58984.31889362
2024-09-01 00:00:00+00:00,4.113e-05,58946.2
2024-09-01 08:00:00+00:00,-3.432e-05,58444.1
2024-09-01 16:00:00+00:00,-3.82e-06,58184.1
2024-09-02 00:00:00+00:00,-3.386e-05,57282.9241773
2024-09-02 08:00:00+00:00,2.48e-06,57523.3
2024-09-02 16:00:00+00:00,-3.63e-06,58508.0
2024-09-03 00:00:00+00:00,6.245e-05,59112.2
2024-09-03 08:00:00+00:00,5.123e-05,59081.16408511
2024-09-03 16:00:00+00:00,4.598e-05,57707.54824823
2024-09-04 00:00:00+00:00,2.209e-05,57459.26375177
2024-09-04 08:00:00+00:00,1.05e-05,56717.4
2024-09-04 16:00:00+00:00,-1.47e-05,58106.1663617
2024-09-05 00:00:00+00:00,9.016e-05,57944.7
2024-09-05 08:00:00+00:00,2.025e-05,57133.18525532
2024-09-05 16:00:00+00:00,2.49e-05,55956.39174468
2024-09-06 00:00:00+00:00,2.28e-05,56152.37044681
2024-09-06 08:00:00+00:00,-1e-08,55768.6
2024-09-06 16:00:00+00:00,1.428e-05,54026.02394326
2024-09-07 00:00:00+00:00,-5.57e-06,53930.71899291
2024-09-07 08:00:00+00:00,-7.634e-05,54264.40569504
2024-09-07 16:00:00+00:00,-7.236e-05,54749.71812057
2024-09-08 00:00:00+00:00,3.745e-05,54134.9
2024-09-08 08:00:00+00:00,-5.999e-05,54411.5
2024-09-08 16:00:00+00:00,-5.245e-05,53664.8
2024-09-09 00:00:00+00:00,-7.585e-05,54843.61724113
2024-09-09 08:00:00+00:00,-7.108e-05,54949.93416312
2024-09-09 16:00:00+00:00,-3.875e-05,55360.3
2024-09-10 00:00:00+00:00,-6.028e-05,57013.68687234
2024-09-10 08:00:00+00:00,-2.93e-05,57184.48985106
2024-09-10 16:00:00+00:00,-1.126e-05,56563.08885816
2024-09-11 00:00:00+00:00,-8.953e-05,57609.1
2024-09-11 08:00:00+00:00,-2.247e-05,56675.1
2024-09-11 16:00:00+00:00,-5.212e-05,56681.42923404
2024-09-12 00:00:00+00:00,-1.951e-05,57307.1
2024-09-12 08:00:00+00:00,-5.46e-06,58106.41579433
2024-09-12 16:00:00+00:00,-2.95e-05,57475.10176596
2024-09-13 00:00:00+00:00,-6.9e-07,58097.0
2024-09-13 08:00:00+00:00,-8.69e-06,58079.8
2024-09-13 16:00:00+00:00,-2.443e-05,59630.0
2024-09-14 00:00:00+00:00,-8.699e-05,60456.1
2024-09-14 08:00:00+00:00,8.59e-06,60110.4
2024-09-14 16:00:00+00:00,2.326e-05,59845.55360993
2024-09-15 00:00:00+00:00,-4.91e-06,59964.0
2024-09-15 08:00:00+00:00,1e-08,60167.3181438
2024-09-15 16:00:00+00:00,4.02e-06,60304.7
2024-09-16 00:00:00+00:00,2.402e-05,59100.61031206
2024-09-16 08:00:00+00:00,3.564e-05,58874.99142553
2024-09-16 16:00:00+00:00,6.762e-05,57861.15358865
2024-09-17 00:00:00+00:00,8.529e-05,58186.9
2024-09-17 08:00:00+00:00,1.911e-05,58668.2
2024-09-17 16:00:00+00:00,5.327e-05,61111.0
2024-09-18 00:00:00+00:00,1.344e-05,60281.0
2024-09-18 08:00:00+00:00,1.678e-05,60402.69697726
2024-09-18 16:00:00+00:00,4.648e-05,59407.05478014
2024-09-19 00:00:00+00:00,3.512e-05,61728.59070213
2024-09-19 08:00:00+00:00,2.949e-05,62054.8
2024-09-19 16:00:00+00:00,4.072e-05,63127.98222695
2024-09-20 00:00:00+00:00,8.065e-05,62929.3
2024-09-20 08:00:00+00:00,-5.03e-06,63494.4
2024-09-20 16:00:00+00:00,5.543e-05,63115.6
2024-09-21 00:00:00+00:00,4.638e-05,63181.22999291
2024-09-21 08:00:00+00:00,0.0001,63062.62952171
2024-09-21 16:00:00+00:00,8.234e-05,63146.6
2024-09-22 00:00:00+00:00,6.285e-05,63320.7
2024-09-22 08:00:00+00:00,9.254e-05,62909.3
2024-09-22 16:00:00+00:00,5.537e-05,62628.23061702
2024-09-23 00:00:00+00:00,6.546e-05,63558.5
2024-09-23 08:00:00+00:00,1.364e-05,63519.9
2024-09-23 16:00:00+00:00,5.304e-05,63589.8
2024-09-24 00:00:00+00:00,2.324e-05,63303.39994326
2024-09-24 08:00:00+00:00,2.895e-05,63531.97252482
2024-09-24 16:00:00+00:00,-1.82e-06,63128.9
2024-09-25 00:00:00+00:00,1.223e-05,64243.2
2024-09-25 08:00:00+00:00,1.141e-05,63815.43419858
2024-09-25 16:00:00+00:00,1.336e-05,63470.0
2024-09-26 00:00:00+00:00,1.65e-05,63121.20731206
2024-09-26 08:00:00+00:00,6.246e-05,63823.4
2024-09-26 16:00:00+00:00,0.0001,65195.98735461
2024-09-27 00:00:00+00:00,0.0001,65144.38297872
2024-09-27 08:00:00+00:00,6.722e-05,65443.4617305
2024-09-27 16:00:00+00:00,2.275e-05,65974.85614184
2024-09-28 00:00:00+00:00,5.455e-05,65749.6
2024-09-28 08:00:00+00:00,8.3e-05,65794.28179433
2024-09-28 16:00:00+00:00,1.414e-05,65595.27422695
2024-09-29 00:00:00+00:00,7.25e-06,65826.6503617
2024-09-29 08:00:00+00:00,3.128e-05,65444.82504255
2024-09-29 16:00:00+00:00,7.253e-05,65720.0
2024-09-30 00:00:00+00:00,3.077e-05,65571.63404255
2024-09-30 08:00:00+00:00,7.939e-05,64539.0
2024-09-30 16:00:00+00:00,0.0001,63535.7
2024-10-01 00:00:00+00:00,0.0001,63313.79948227
2024-10-01 08:00:00+00:00,0.0001,64017.0
2024-10-01 16:00:00+00:00,0.0001,62631.58188652
2024-10-02 00:00:00+00:00,6.632e-05,60789.16184397
2024-10-02 08:00:00+00:00,8.409e-05,61703.76278014
2024-10-02 16:00:00+00:00,8.191e-05,61851.6402695
2024-10-03 00:00:00+00:00,4.381e-05,60622.6
2024-10-03 08:00:00+00:00,3.746e-05,60908.25041844
2024-10-03 16:00:00+00:00,4.99e-05,60606.4
2024-10-04 00:00:00+00:00,7.097e-05,60727.2
2024-10-04 08:00:00+00:00,2.119e-05,61405.54564539
2024-10-04 16:00:00+00:00,2.43e-06,61839.9
2024-10-05 00:00:00+00:00,-1.596e-05,62056.3
2024-10-05 08:00:00+00:00,1.088e-05,62049.40834043
2024-10-05 16:00:00+00:00,8.61e-06,62137.44147431
2024-10-06 00:00:00+00:00,5.72e-06,62030.7846515
2024-10-06 08:00:00+00:00,3.288e-05,61921.90959612
2024-10-06 16:00:00+00:00,4.18e-05,62692.35314894
2024-10-07 00:00:00+00:00,4.573e-05,62791.83731206
2024-10-07 08:00:00+00:00,-9.52e-06,63510.0
2024-10-07 16:00:00+00:00,2.177e-05,63633.19230496
2024-10-08 00:00:00+00:00,-1.678e-05,62199.75722695
2024-10-08 08:00:00+00:00,7.094e-05,62291.4
2024-10-08 16:00:00+00:00,8.1e-05,62259.9
2024-10-09 00:00:00+00:00,0.0001,62133.03330496
2024-10-09 08:00:00+00:00,5.138e-05,62243.96385816
2024-10-09 16:00:00+00:00,7.939e-05,62285.3
2024-10-10 00:00:00+00:00,2.09e-05,60607.48575935
2024-10-10 08:00:00+00:00,1.532e-05,60874.85382979
2024-10-10 16:00:00+00:00,0.0001,60768.62359574
2024-10-11 00:00:00+00:00,2.231e-05,60293.8080044
2024-10-11 08:00:00+00:00,-1.874e-05,60648.44046099
2024-10-11 16:00:00+00:00,1.2e-06,62225.57043262
2024-10-12 00:00:00+00:00,4.558e-05,62509.0
2024-10-12 08:00:00+00:00,7.664e-05,62734.47038298
2024-10-12 16:00:00+00:00,-1.489e-05,63124.8
2024-10-13 00:00:00+00:00,6.93e-06,63175.9
2024-10-13 08:00:00+00:00,1.638e-05,62818.9
2024-10-13 16:00:00+00:00,3.938e-05,62195.2
2024-10-14 00:00:00+00:00,5.429e-05,62841.10753191
2024-10-14 08:00:00+00:00,0.0001,64603.73577305
2024-10-14 16:00:00+00:00,0.0001,65853.81444681
2024-10-15 00:00:00+00:00,0.0001,66064.9
2024-10-15 08:00:00+00:00,0.0001,65638.3
2024-10-15 16:00:00+00:00,0.0001,65994.7
2024-10-16 00:00:00+00:00,8.325e-05,67048.63902128
2024-10-16 08:00:00+00:00,8.5e-05,66948.9
2024-10-16 16:00:00+00:00,0.0001,67726.0
2024-10-17 00:00:00+00:00,0.0001,67594.01401418
2024-10-17 08:00:00+00:00,0.0001,67281.31711348
2024-10-17 16:00:00+00:00,0.0001,67561.8
2024-10-18 00:00:00+00:00,0.0001,67406.17999291
2024-10-18 08:00:00+00:00,0.0001,67956.3708584
2024-10-18 16:00:00+00:00,0.0001,68710.0
2024-10-19 00:00:00+00:00,0.0001,68407.9
2024-10-19 08:00:00+00:00,0.0001,68328.8
2024-10-19 16:00:00+00:00,0.0001,68210.10911959
2024-10-20 00:00:00+00:00,0.0001,68357.1
2024-10-20 08:00:00+00:00,0.0001,68350.38066857
2024-10-20 16:00:00+00:00,0.0001,68605.0
2024-10-21 00:00:00+00:00,0.0001,69021.90495965
2024-10-21 08:00:00+00:00,0.0001,68513.8873617
2024-10-21 16:00:00+00:00,0.0001,67349.29462411
2024-10-22 00:00:00+00:00,0.0001,67368.7
2024-10-22 08:00:00+00:00,0.0001,67387.3
2024-10-22 16:00:00+00:00,0.0001,67271.54104965
2024-10-23 00:00:00+00:00,0.0001,67410.62232624
2024-10-23 08:00:00+00:00,0.0001,66838.0
2024-10-23 16:00:00+00:00,0.0001,66207.1077305
2024-10-24 00:00:00+00:00,0.0001,66649.66592908
2024-10-24 08:00:00+00:00,0.0001,67104.5
2024-10-24 16:00:00+00:00,0.0001,67672.84020567
2024-10-25 00:00:00+00:00,0.0001,68175.57805674
2024-10-25 08:00:00+00:00,0.0001,67503.6
2024-10-25 16:00:00+00:00,0.0001,67667.15595745
2024-10-26 00:00:00+00:00,4.755e-05,66679.84317682
2024-10-26 08:00:00+00:00,7.569e-05,66982.64575316
2024-10-26 16:00:00+00:00,0.0001,66864.2
2024-10-27 00:00:00+00:00,0.0001,67071.9
2024-10-27 08:00:00+00:00,9.724e-05,67174.8
2024-10-27 16:00:00+00:00,0.0001,67760.95565906
2024-10-28 00:00:00+00:00,9.425e-05,67997.2
2024-10-28 08:00:00+00:00,0.0001,68395.69875177
2024-10-28 16:00:00+00:00,8.946e-05,68463.4
2024-10-29 00:00:00+00:00,0.0001,69940.0
2024-10-29 08:00:00+00:00,0.0001,70992.0787234
2024-10-29 16:00:00+00:00,0.0001,72382.8202766
2024-10-30 00:00:00+00:00,0.0001,72738.79255319
2024-10-30 08:00:00+00:00,0.0001,72244.9
2024-10-30 16:00:00+00:00,0.0001,72060.36978723
2024-10-31 00:00:00+00:00,0.0001,72350.66829787
2024-10-31 08:00:00+00:00,0.0001,72417.8
2024-10-31 16:00:00+00:00,0.0001,70637.76350697
2024-11-01 00:00:00+00:00,0.0001,70318.15929787
2024-11-01 08:00:00+00:00,0.0001,69300.16876596
2024-11-01 16:00:00+00:00,0.0001,69380.64255319
2024-11-02 00:00:00+00:00,0.0001,69496.19465248
2024-11-02 08:00:00+00:00,0.0001,69813.99829787
2024-11-02 16:00:00+00:00,0.0001,69396.79744681
2024-11-03 00:00:00+00:00,0.0001,69366.6
2024-11-03 08:00:00+00:00,0.0001,68395.17851064
2024-11-03 16:00:00+00:00,0.0001,68096.02508511
2024-11-04 00:00:00+00:00,0.0001,68762.5
2024-11-04 08:00:00+00:00,0.0001,68602.86114394
2024-11-04 16:00:00+00:00,0.0001,68623.6691773
2024-11-05 00:00:00+00:00,0.0001,67836.62865957
2024-11-05 08:00:00+00:00,0.0001,68876.0
2024-11-05 16:00:00+00:00,0.0001,69604.99425532
2024-11-06 00:00:00+00:00,0.0001,69353.1
2024-11-06 08:00:00+00:00,0.0001,73423.50465248
2024-11-06 16:00:00+00:00,0.0001,74299.9077305
2024-11-07 00:00:00+00:00,0.0001,75575.32614894
2024-11-07 08:00:00+00:00,0.0001,74800.0
2024-11-07 16:00:00+00:00,0.0001,76075.60378723
2024-11-08 00:00:00+00:00,0.0001,75854.54638298
2024-11-08 08:00:00+00:00,0.0001,76170.9
2024-11-08 16:00:00+00:00,0.0001,76423.3
2024-11-09 00:00:00+00:00,0.0001,76485.96961235
2024-11-09 08:00:00+00:00,0.0001,76525.24098582
2024-11-09 16:00:00+00:00,0.0001,76305.6
2024-11-10 00:00:00+00:00,0.0001,76676.09297872
2024-11-10 08:00:00+00:00,0.00025603,78858.2
2024-11-10 16:00:00+00:00,0.00014113,79735.1
2024-11-11 00:00:00+00:00,0.00036878,80409.9
2024-11-11 08:00:00+00:00,0.0001,81147.8
2024-11-11 16:00:00+00:00,0.0001,84108.24075887
2024-11-12 00:00:00+00:00,0.00049133,88729.0
2024-11-12 08:00:00+00:00,0.00043737,89095.4
2024-11-12 16:00:00+00:00,0.00038754,86642.44216434
2024-11-13 00:00:00+00:00,0.0001,87964.81392908
2024-11-13 08:00:00+00:00,0.00013101,87398.5925627
2024-11-13 16:00:00+00:00,0.00021856,92602.7
2024-11-14 00:00:00+00:00,0.0001,90413.12446212
2024-11-14 08:00:00+00:00,0.0001,90818.9
2024-11-14 16:00:00+00:00,0.0001,87998.09286364
2024-11-15 00:00:00+00:00,0.0001,87376.26048485
2024-11-15 08:00:00+00:00,0.0001,87691.73393182
2024-11-15 16:00:00+00:00,0.00010977,88485.4
2024-11-16 00:00:00+00:00,0.0001,91074.6
2024-11-16 08:00:00+00:00,0.0001,91172.07627273
2024-11-16 16:00:00+00:00,0.00013231,90578.0
2024-11-17 00:00:00+00:00,0.00015765,90607.94334091
2024-11-17 08:00:00+00:00,0.0001,90599.9
2024-11-17 16:00:00+00:00,0.00010577,90309.7
2024-11-18 00:00:00+00:00,0.0001,89891.57867424
2024-11-18 08:00:00+00:00,0.0003645,91793.76963166
2024-11-18 16:00:00+00:00,0.00021318,92413.93032576
2024-11-19 00:00:00+00:00,0.00021606,90502.14808333
2024-11-19 08:00:00+00:00,0.00030216,91680.59587879
2024-11-19 16:00:00+00:00,0.00017959,92442.8
2024-11-20 00:00:00+00:00,0.0001,92314.05812121
2024-11-20 08:00:00+00:00,0.0001,92855.88699242
2024-11-20 16:00:00+00:00,0.0001,94737.5
2024-11-21 00:00:00+00:00,0.0001,94279.51894697
2024-11-21 08:00:00+00:00,0.0001,96950.0
2024-11-21 16:00:00+00:00,0.0001,96677.04645768
2024-11-22 00:00:00+00:00,0.0001,98365.10186364
2024-11-22 08:00:00+00:00,0.0001,99242.81251773
2024-11-22 16:00:00+00:00,0.0001,98699.9
2024-11-23 00:00:00+00:00,0.0001,98918.67765957
2024-11-23 08:00:00+00:00,0.0001,98599.83297163
2024-11-23 16:00:00+00:00,0.0001,98426.0
2024-11-24 00:00:00+00:00,0.0001,97725.5
2024-11-24 08:00:00+00:00,0.00016148,98483.95812057
2024-11-24 16:00:00+00:00,0.00023228,95996.21422597
2024-11-25 00:00:00+00:00,0.00021035,97960.5
2024-11-25 08:00:00+00:00,0.0001,98106.56588652
2024-11-25 16:00:00+00:00,0.00025233,96029.2038227
2024-11-26 00:00:00+00:00,0.00021902,93064.1
2024-11-26 08:00:00+00:00,0.00017936,93837.3
2024-11-26 16:00:00+00:00,0.00029599,92870.07960284
2024-11-27 00:00:00+00:00,0.00031205,92013.7
2024-11-27 08:00:00+00:00,0.00016795,93652.1
2024-11-27 16:00:00+00:00,0.0001,95605.8
2024-11-28 00:00:00+00:00,0.0001,95904.8955461
2024-11-28 08:00:00+00:00,0.00014326,95360.15442553
2024-11-28 16:00:00+00:00,0.00011859,95057.36946809
2024-11-29 00:00:00+00:00,0.00020619,95693.94427733
2024-11-29 08:00:00+00:00,0.00011747,95692.14071631
2024-11-29 16:00:00+00:00,0.00021921,98075.2
2024-11-30 00:00:00+00:00,0.0001,97516.3
2024-11-30 08:00:00+00:00,0.00015909,96843.3
2024-11-30 16:00:00+00:00,0.00012063,96707.4
2024-12-01 00:00:00+00:00,0.00015901,96462.19087234
2024-12-01 08:00:00+00:00,0.00019581,96522.20604965
2024-12-01 16:00:00+00:00,0.0001,97081.5
2024-12-02 00:00:00+00:00,0.00025726,97265.1
2024-12-02 08:00:00+00:00,0.00024556,96046.45249645
2024-12-02 16:00:00+00:00,0.00013387,97120.0
2024-12-03 00:00:00+00:00,0.00012779,95889.10653191
2024-12-03 08:00:00+00:00,0.00024926,95616.2
2024-12-03 16:00:00+00:00,0.00011952,95746.09226241
2024-12-04 00:00:00+00:00,0.00026634,95913.27097163
2024-12-04 08:00:00+00:00,0.00026254,96652.1
2024-12-04 16:00:00+00:00,0.00023234,95801.60480851
2024-12-05 00:00:00+00:00,0.00027625,98689.14430496
2024-12-05 08:00:00+00:00,0.00072446,102283.62766667
2024-12-05 16:00:00+00:00,0.00047059,101350.1
2024-12-06 00:00:00+00:00,0.0001,97001.6
2024-12-06 08:00:00+00:00,0.00014634,98207.61513475
2024-12-06 16:00:00+00:00,0.0001,99357.34402837
2024-12-07 00:00:00+00:00,0.00031972,99802.5
2024-12-07 08:00:00+00:00,0.00012374,99442.6
2024-12-07 16:00:00+00:00,0.0001409,99811.5
2024-12-08 00:00:00+00:00,0.00016985,99899.1
2024-12-08 08:00:00+00:00,0.00016572,99741.6
2024-12-08 16:00:00+00:00,0.0001758,99975.0
2024-12-09 00:00:00+00:00,0.00030413,101193.94399291
2024-12-09 08:00:00+00:00,0.00021032,99633.40225532
2024-12-09 16:00:00+00:00,0.00011115,97835.11267376
2024-12-10 00:00:00+00:00,0.0001,97349.1
2024-12-10 08:00:00+00:00,0.0001,97217.7
2024-12-10 16:00:00+00:00,0.0001,95657.98175887
2024-12-11 00:00:00+00:00,0.0001,96602.3
2024-12-11 08:00:00+00:00,0.0001,97336.1817305
2024-12-11 16:00:00+00:00,0.0001,100361.01297872
2024-12-12 00:00:00+00:00,0.0001,101106.9
2024-12-12 08:00:00+00:00,0.0001,100486.46369504
2024-12-12 16:00:00+00:00,0.0001,101775.1
2024-12-13 00:00:00+00:00,0.0001,99982.3
2024-12-13 08:00:00+00:00,0.0001,100099.9
2024-12-13 16:00:00+00:00,0.0001,99840.1
2024-12-14 00:00:00+00:00,6.75e-05,101371.9
2024-12-14 08:00:00+00:00,0.0001,101787.0
2024-12-14 16:00:00+00:00,0.0001,101610.85002837
2024-12-15 00:00:00+00:00,0.0001,101391.60376371
2024-12-15 08:00:00+00:00,8.194e-05,101673.93346099
2024-12-15 16:00:00+00:00,0.0001,102674.84886525
2024-12-16 00:00:00+00:00,0.0001,104449.0
2024-12-16 08:00:00+00:00,0.0001,104960.31446809
2024-12-16 16:00:00+00:00,9.181e-05,106285.31279433
2024-12-17 00:00:00+00:00,7.866e-05,106023.3
2024-12-17 08:00:00+00:00,0.0001,106789.01585106
2024-12-17 16:00:00+00:00,0.0001,106438.49711348
2024-12-18 00:00:00+00:00,0.0001,106083.97803546
2024-12-18 08:00:00+00:00,9.159e-05,104203.79516312
2024-12-18 16:00:00+00:00,0.0001,104395.1
2024-12-19 00:00:00+00:00,0.0001,100180.74653901
2024-12-19 08:00:00+00:00,0.0001,101625.15913475
2024-12-19 16:00:00+00:00,0.0001,100657.71907801
2024-12-20 00:00:00+00:00,0.0001,97434.4
2024-12-20 08:00:00+00:00,0.0001,97822.91234043
2024-12-20 16:00:00+00:00,0.0001,96968.4557305
2024-12-21 00:00:00+00:00,0.0001,97764.5
2024-12-21 08:00:00+00:00,1.206e-05,98985.40130496
2024-12-21 16:00:00+00:00,0.0001,97486.5
2024-12-22 00:00:00+00:00,0.0001,97261.8
2024-12-22 08:00:00+00:00,0.0001,96182.08468085
2024-12-22 16:00:00+00:00,9.629e-05,95340.9
2024-12-23 00:00:00+00:00,0.0001,95155.89321986
2024-12-23 08:00:00+00:00,0.0001,95360.4
2024-12-23 16:00:00+00:00,8.981e-05,93217.6
2024-12-24 00:00:00+00:00,0.0001,94861.1
2024-12-24 08:00:00+00:00,0.0001,94199.9
2024-12-24 16:00:00+00:00,0.0001,98246.90943972
2024-12-25 00:00:00+00:00,0.0001,98633.62231915
2024-12-25 08:00:00+00:00,0.0001,98052.3672695
2024-12-25 16:00:00+00:00,0.0001,98485.7
2024-12-26 00:00:00+00:00,9.827e-05,99379.6
2024-12-26 08:00:00+00:00,7.453e-05,97682.41824113
2024-12-26 16:00:00+00:00,8.585e-05,96006.0
2024-12-27 00:00:00+00:00,0.0001,95754.23556738
2024-12-27 08:00:00+00:00,0.0001,95074.97113475
2024-12-27 16:00:00+00:00,0.0001,94529.41337589
2024-12-28 00:00:00+00:00,0.0001,94263.83920567
2024-12-28 08:00:00+00:00,7.639e-05,94339.82516312
2024-12-28 16:00:00+00:00,5.173e-05,94407.8
2024-12-29 00:00:00+00:00,8.013e-05,95262.82075887
2024-12-29 08:00:00+00:00,0.0001,95233.3
2024-12-29 16:00:00+00:00,0.0001,94468.77931206
2024-12-30 00:00:00+00:00,-4.2e-07,93699.9
2024-12-30 08:00:00+00:00,8.791e-05,93700.13509929
2024-12-30 16:00:00+00:00,0.0001,92087.24777305
2024-12-31 00:00:00+00:00,0.0001,92760.38528369
2024-12-31 08:00:00+00:00,0.0001,92819.5
2024-12-31 16:00:00+00:00,0.0001,95389.4
2025-01-01 00:00:00+00:00,0.0001,93549.66175177
2025-01-01 08:00:00+00:00,0.0001,93660.97108511
2025-01-01 16:00:00+00:00,0.0001,94413.6
2025-01-02 00:00:00+00:00,0.0001,94581.0
2025-01-02 08:00:00+00:00,0.0001,95815.3
2025-01-02 16:00:00+00:00,0.0001,96438.3
2025-01-03 00:00:00+00:00,0.0001,96967.5
2025-01-03 08:00:00+00:00,0.0001,96275.0
2025-01-03 16:00:00+00:00,5.242e-05,97481.09407092
2025-01-04 00:00:00+00:00,7.699e-05,98145.8
2025-01-04 08:00:00+00:00,0.0001,98244.2
2025-01-04 16:00:00+00:00,7.98e-06,97632.05677305
2025-01-05 00:00:00+00:00,0.0001,98173.2
2025-01-05 08:00:00+00:00,0.0001,98225.73287943
2025-01-05 16:00:00+00:00,8.32e-05,97981.8
2025-01-06 00:00:00+00:00,0.0001,98340.1
2025-01-06 08:00:00+00:00,0.0001,99280.0
2025-01-06 16:00:00+00:00,0.0001,102091.31002128
2025-01-07 00:00:00+00:00,0.0001,102189.30633333
2025-01-07 08:00:00+00:00,8.903e-05,101649.3
2025-01-07 16:00:00+00:00,8.279e-05,97916.61911959
2025-01-08 00:00:00+00:00,0.0001,96920.2
2025-01-08 08:00:00+00:00,0.0001,95628.4
2025-01-08 16:00:00+00:00,0.0001,95454.56275887
2025-01-09 00:00:00+00:00,0.0001,95036.11944681
2025-01-09 08:00:00+00:00,9.834e-05,93180.20612057
2025-01-09 16:00:00+00:00,-5.44e-06,94195.1
2025-01-10 00:00:00+00:00,3.966e-05,92515.04219149
2025-01-10 08:00:00+00:00,-1.06e-05,94460.5
2025-01-10 16:00:00+00:00,8.078e-05,93697.9
2025-01-11 00:00:00+00:00,5.68e-05,94680.94309929
2025-01-11 08:00:00+00:00,4.055e-05,94211.97412183
2025-01-11 16:00:00+00:00,2.608e-05,94365.8
2025-01-12 00:00:00+00:00,5.009e-05,94565.09560993
2025-01-12 08:00:00+00:00,3.21e-05,94291.3
2025-01-12 16:00:00+00:00,6.647e-05,95036.75903546
2025-01-13 00:00:00+00:00,5.266e-05,94499.9
2025-01-13 08:00:00+00:00,6.989e-05,93557.9
2025-01-13 16:00:00+00:00,8.81e-06,92108.14175
2025-01-14 00:00:00+00:00,0.0001,94487.76413636
2025-01-14 08:00:00+00:00,0.0001,94824.19737879
2025-01-14 16:00:00+00:00,9.496e-05,96420.52184091
2025-01-15 00:00:00+00:00,4.989e-05,96515.0
2025-01-15 08:00:00+00:00,8.795e-05,97253.8
2025-01-15 16:00:00+00:00,5.844e-05,98943.3
2025-01-16 00:00:00+00:00,7.28e-06,100461.91109848
2025-01-16 08:00:00+00:00,7.568e-05,99762.5
2025-01-16 16:00:00+00:00,4.598e-05,99258.31843182
2025-01-17 00:00:00+00:00,4.597e-05,99937.4
2025-01-17 08:00:00+00:00,9.386e-05,101406.9
2025-01-17 16:00:00+00:00,3.432e-05,103946.3
2025-01-18 00:00:00+00:00,6.707e-05,104042.5
2025-01-18 08:00:00+00:00,0.0001,102781.74468182
2025-01-18 16:00:00+00:00,0.0001,104537.59208333
2025-01-19 00:00:00+00:00,0.0001,104535.24007576
2025-01-19 08:00:00+00:00,0.0001,105153.39980303
2025-01-19 16:00:00+00:00,0.0001,104957.60477273
2025-01-20 00:00:00+00:00,0.0001,101308.1
2025-01-20 08:00:00+00:00,0.0001,107128.89547022
2025-01-20 16:00:00+00:00,0.0001,104989.6
2025-01-21 00:00:00+00:00,0.0001,102253.89548485
2025-01-21 08:00:00+00:00,0.0001,101983.4947197
2025-01-21 16:00:00+00:00,0.0001,103929.1
2025-01-22 00:00:00+00:00,0.0001,106114.4
2025-01-22 08:00:00+00:00,0.0001,105063.8
2025-01-22 16:00:00+00:00,0.0001,104138.91605185
2025-01-23 00:00:00+00:00,8.654e-05,103665.0
2025-01-23 08:00:00+00:00,0.0001,102668.3
2025-01-23 16:00:00+00:00,8.616e-05,105209.9
2025-01-24 00:00:00+00:00,3.34e-06,103867.57431111
2025-01-24 08:00:00+00:00,7.537e-05,104999.9
2025-01-24 16:00:00+00:00,9.54e-05,105821.8
2025-01-25 00:00:00+00:00,5.702e-05,104811.52457037
2025-01-25 08:00:00+00:00,8.495e-05,104349.4
2025-01-25 16:00:00+00:00,7.782e-05,104856.23635556
2025-01-26 00:00:00+00:00,8.363e-05,104701.9
2025-01-26 08:00:00+00:00,0.0001,104963.8
2025-01-26 16:00:00+00:00,8.443e-05,104920.0
2025-01-27 00:00:00+00:00,9.084e-05,102590.39013333
2025-01-27 08:00:00+00:00,3.712e-05,98996.4
2025-01-27 16:00:00+00:00,9.8e-07,101075.16971111
2025-01-28 00:00:00+00:00,0.0001,102034.61963704
2025-01-28 08:00:00+00:00,3.714e-05,102748.81021481
2025-01-28 16:00:00+00:00,9.848e-05,102732.49048889
2025-01-29 00:00:00+00:00,0.0001,101296.47861481
2025-01-29 08:00:00+00:00,0.0001,102723.3
2025-01-29 16:00:00+00:00,9.949e-05,101942.29171111
2025-01-30 00:00:00+00:00,7.59e-05,103698.2
2025-01-30 08:00:00+00:00,0.0001,105085.2
2025-01-30 16:00:00+00:00,9.499e-05,105521.2
2025-01-31 00:00:00+00:00,1.225e-05,104677.0
2025-01-31 08:00:00+00:00,0.0001,104167.68758519
2025-01-31 16:00:00+00:00,0.0001,105417.4
2025-02-01 00:00:00+00:00,8.098e-05,102379.7
2025-02-01 08:00:00+00:00,5.369e-05,102127.0
2025-02-01 16:00:00+00:00,5.968e-05,102033.72678519
2025-02-02 00:00:00+00:00,5.824e-05,100603.6
2025-02-02 08:00:00+00:00,3.38e-05,99595.81932593
2025-02-02 16:00:00+00:00,-8.61e-06,99298.6
2025-02-03 00:00:00+00:00,0.0001,97665.05852593
2025-02-03 08:00:00+00:00,0.0001,95278.94922222
2025-02-03 16:00:00+00:00,4.845e-05,98799.9
2025-02-04 00:00:00+00:00,2.612e-05,101293.7
2025-02-04 08:00:00+00:00,6.8e-05,98428.05392593
2025-02-04 16:00:00+00:00,4.138e-05,99308.6556092
2025-02-05 00:00:00+00:00,-4.61e-06,97709.9
2025-02-05 08:00:00+00:00,4.774e-05,97816.06753333
2025-02-05 16:00:00+00:00,1.61e-05,98063.3
2025-02-06 00:00:00+00:00,2.186e-05,96558.0480963
2025-02-06 08:00:00+00:00,-2.38e-06,98164.9
2025-02-06 16:00:00+00:00,5.903e-05,97285.6
2025-02-07 00:00:00+00:00,7.983e-05,96515.0
2025-02-07 08:00:00+00:00,6.989e-05,96714.18992337
2025-02-07 16:00:00+00:00,5.167e-05,98249.7
2025-02-08 00:00:00+00:00,-4.1e-05,96456.01788889
2025-02-08 08:00:00+00:00,1.137e-05,96153.4
2025-02-08 16:00:00+00:00,3.24e-06,95798.35988889
2025-02-09 00:00:00+00:00,3.873e-05,96411.9
2025-02-09 08:00:00+00:00,9.6e-05,97019.9
2025-02-09 16:00:00+00:00,2.839e-05,96443.79991852
2025-02-10 00:00:00+00:00,1.802e-05,96425.48585185
2025-02-10 08:00:00+00:00,9.176e-05,97393.1
2025-02-10 16:00:00+00:00,7.457e-05,97187.7
2025-02-11 00:00:00+00:00,4.218e-05,97384.53994815
2025-02-11 08:00:00+00:00,7.09e-05,98230.70305185
2025-02-11 16:00:00+00:00,-2.446e-05,96963.3
2025-02-12 00:00:00+00:00,1.298e-05,95731.4
2025-02-12 08:00:00+00:00,4.899e-05,96032.1
2025-02-12 16:00:00+00:00,4.96e-05,95768.97002963
2025-02-13 00:00:00+00:00,0.0001,97828.7139037
2025-02-13 08:00:00+00:00,4.117e-05,96022.13023704
2025-02-13 16:00:00+00:00,8.05e-06,95950.0
2025-02-14 00:00:00+00:00,4.1e-05,96560.6
2025-02-14 08:00:00+00:00,5.51e-05,96894.3710963
2025-02-14 16:00:00+00:00,7.093e-05,96886.6
2025-02-15 00:00:00+00:00,5.5e-07,97449.10151111
2025-02-15 08:00:00+00:00,3.297e-05,97312.5
2025-02-15 16:00:00+00:00,3.735e-05,97594.4
2025-02-16 00:00:00+00:00,3.39e-05,97537.9
2025-02-16 08:00:00+00:00,1.82e-06,97207.4
2025-02-16 16:00:00+00:00,3.799e-05,96859.04847692
2025-02-17 00:00:00+00:00,6.239e-05,96073.53976296
2025-02-17 08:00:00+00:00,6.397e-05,96031.56637778
2025-02-17 16:00:00+00:00,2.009e-05,95610.58525185
2025-02-18 00:00:00+00:00,9.488e-05,95743.1
2025-02-18 08:00:00+00:00,0.0001,95416.39865926
2025-02-18 16:00:00+00:00,0.0001,95510.84027407
2025-02-19 00:00:00+00:00,7.007e-05,95621.9
2025-02-19 08:00:00+00:00,7.779e-05,95640.4
2025-02-19 16:00:00+00:00,8.96e-05,95895.5
2025-02-20 00:00:00+00:00,2.42e-05,96605.40166667
2025-02-20 08:00:00+00:00,3.269e-05,96825.7
2025-02-20 16:00:00+00:00,7.346e-05,96860.9
2025-02-21 00:00:00+00:00,1.23e-06,98252.9
2025-02-21 08:00:00+00:00,2.286e-05,98128.4
2025-02-21 16:00:00+00:00,-9.7e-07,98057.7
2025-02-22 00:00:00+00:00,0.0001,96131.40247407
2025-02-22 08:00:00+00:00,6.466e-05,96241.7
2025-02-22 16:00:00+00:00,2.318e-05,96552.6031037
2025-02-23 00:00:00+00:00,4.112e-05,96503.38967407
2025-02-23 08:00:00+00:00,3.14e-05,96455.9702
2025-02-23 16:00:00+00:00,1.478e-05,95392.57762963
2025-02-24 00:00:00+00:00,-2.97e-05,96218.4
2025-02-24 08:00:00+00:00,6.881e-05,95838.0239037
2025-02-24 16:00:00+00:00,2.05e-05,94296.0
2025-02-25 00:00:00+00:00,0.0001,91524.67726667
2025-02-25 08:00:00+00:00,5.245e-05,89304.14428352
2025-02-25 16:00:00+00:00,1.385e-05,87188.93212261
2025-02-26 00:00:00+00:00,3.521e-05,88639.1
2025-02-26 08:00:00+00:00,6.005e-05,88688.89924444
2025-02-26 16:00:00+00:00,0.0001,87534.92208148
2025-02-27 00:00:00+00:00,9.305e-05,84203.99431111
2025-02-27 08:00:00+00:00,-6.17e-06,86227.86960741
2025-02-27 16:00:00+00:00,9.433e-05,85473.85978519
2025-02-28 00:00:00+00:00,9.444e-05,84667.5
2025-02-28 08:00:00+00:00,9.521e-05,79174.50011852
2025-02-28 16:00:00+00:00,-3.73e-06,83971.85852874
2025-03-01 00:00:00+00:00,-1.4e-07,84300.62248148
2025-03-01 08:00:00+00:00,-6.108e-05,84707.63182963
2025-03-01 16:00:00+00:00,-8.58e-06,84758.97667407
2025-03-02 00:00:00+00:00,-1.094e-05,86017.75225185
2025-03-02 08:00:00+00:00,-2.783e-05,86191.4
2025-03-02 16:00:00+00:00,-2.869e-05,87376.32577037
2025-03-03 00:00:00+00:00,-5.518e-05,94228.90026667
2025-03-03 08:00:00+00:00,7.91e-06,92325.2
2025-03-03 16:00:00+00:00,5.272e-05,90009.4
2025-03-04 00:00:00+00:00,-1.526e-05,86181.9
2025-03-04 08:00:00+00:00,-2.7e-06,83159.4
2025-03-04 16:00:00+00:00,1.306e-05,82949.73682963
2025-03-05 00:00:00+00:00,4.113e-05,87246.0
2025-03-05 08:00:00+00:00,2.722e-05,87579.6
2025-03-05 16:00:00+00:00,5.028e-05,88312.6
2025-03-06 00:00:00+00:00,3.538e-05,90567.40845926
2025-03-06 08:00:00+00:00,6.413e-05,91314.75866667
2025-03-06 16:00:00+00:00,6.818e-05,90770.91326667
2025-03-07 00:00:00+00:00,-6.12e-06,89887.9
2025-03-07 08:00:00+00:00,-1.539e-05,88311.88999259
2025-03-07 16:00:00+00:00,2.028e-05,88417.95212593
2025-03-08 00:00:00+00:00,5.328e-05,86753.8
2025-03-08 08:00:00+00:00,3.73e-06,86159.9807037
2025-03-08 16:00:00+00:00,1.208e-05,86360.0
2025-03-09 00:00:00+00:00,-2.779e-05,86184.8
2025-03-09 08:00:00+00:00,3.218e-05,85973.77313333
2025-03-09 16:00:00+00:00,0.0001,83040.22277037
2025-03-10 00:00:00+00:00,3.952e-05,80688.7
2025-03-10 08:00:00+00:00,1.344e-05,82282.17518519
2025-03-10 16:00:00+00:00,4.037e-05,79999.21651111
2025-03-11 00:00:00+00:00,4.705e-05,78567.8
2025-03-11 08:00:00+00:00,3.26e-05,80395.9142069
2025-03-11 16:00:00+00:00,8.746e-05,81190.7
2025-03-12 00:00:00+00:00,5.76e-06,82896.0
2025-03-12 08:00:00+00:00,5.815e-05,82405.1
2025-03-12 16:00:00+00:00,4.013e-05,81703.59471111
2025-03-13 00:00:00+00:00,4.3e-06,83640.6
2025-03-13 08:00:00+00:00,2.069e-05,83118.5
2025-03-13 16:00:00+00:00,3.19e-05,81016.0
2025-03-14 00:00:00+00:00,5.386e-05,81085.4
2025-03-14 08:00:00+00:00,5.331e-05,82130.6268659
2025-03-14 16:00:00+00:00,3.57e-06,84687.30085824
2025-03-15 00:00:00+00:00,-6.035e-05,83939.8
2025-03-15 08:00:00+00:00,-2.389e-05,83799.028
2025-03-15 16:00:00+00:00,-3.21e-06,84295.7
2025-03-16 00:00:00+00:00,4.32e-06,84302.9
2025-03-16 08:00:00+00:00,4.236e-05,84242.0
2025-03-16 16:00:00+00:00,1.247e-05,83280.0
2025-03-17 00:00:00+00:00,1.065e-05,82541.6
2025-03-17 08:00:00+00:00,8.474e-05,83524.17527094
2025-03-17 16:00:00+00:00,8.59e-06,83499.1
2025-03-18 00:00:00+00:00,7.03e-06,83966.75136398
2025-03-18 08:00:00+00:00,2.059e-05,83124.7
2025-03-18 16:00:00+00:00,3.514e-05,81570.5
2025-03-19 00:00:00+00:00,2e-06,82670.47688148
2025-03-19 08:00:00+00:00,5.961e-05,83135.8
2025-03-19 16:00:00+00:00,5.024e-05,84693.1
2025-03-20 00:00:00+00:00,1.944e-05,86809.8
2025-03-20 08:00:00+00:00,3.79e-05,85769.99517778
2025-03-20 16:00:00+00:00,1.086e-05,84656.4
2025-03-21 00:00:00+00:00,1.615e-05,84183.6
2025-03-21 08:00:00+00:00,5.324e-05,83892.55460741
2025-03-21 16:00:00+00:00,2.518e-05,83525.9
2025-03-22 00:00:00+00:00,2.836e-05,84050.3
2025-03-22 08:00:00+00:00,-1.77e-05,84235.4
2025-03-22 16:00:00+00:00,5.092e-05,84073.5
2025-03-23 00:00:00+00:00,2.099e-05,83804.9
2025-03-23 08:00:00+00:00,-1.84e-06,84232.38148148
2025-03-23 16:00:00+00:00,4.02e-05,85153.69642963
2025-03-24 00:00:00+00:00,2.039e-05,86052.8628963
2025-03-24 08:00:00+00:00,5.512e-05,86831.20146667
2025-03-24 16:00:00+00:00,-3.422e-05,88291.95428148
2025-03-25 00:00:00+00:00,-2.47e-06,87463.3
2025-03-25 08:00:00+00:00,1.15e-05,86404.4
2025-03-25 16:00:00+00:00,-3.776e-05,87727.92137778
2025-03-26 00:00:00+00:00,-2.99e-05,87369.9
2025-03-26 08:00:00+00:00,1.659e-05,88106.7
2025-03-26 16:00:00+00:00,-3.082e-05,86704.27858519
2025-03-27 00:00:00+00:00,3.136e-05,86873.8
2025-03-27 08:00:00+00:00,5.512e-05,87363.2
2025-03-27 16:00:00+00:00,-3.76e-05,86931.84454074
2025-03-28 00:00:00+00:00,1.584e-05,87191.2
2025-03-28 08:00:00+00:00,-4.57e-06,85181.54060741
2025-03-28 16:00:00+00:00,8.118e-05,84011.1
2025-03-29 00:00:00+00:00,5.364e-05,84380.7
2025-03-29 08:00:00+00:00,8.214e-05,83699.76590769
2025-03-29 16:00:00+00:00,2.53e-05,82371.6
2025-03-30 00:00:00+00:00,3.41e-06,82608.11504215
2025-03-30 08:00:00+00:00,4.27e-06,83037.5
2025-03-30 16:00:00+00:00,4.588e-05,82699.9
2025-03-31 00:00:00+00:00,2.643e-05,82345.3
2025-03-31 08:00:00+00:00,6.02e-05,81895.2
2025-03-31 16:00:00+00:00,1.845e-05,83373.4
2025-04-01 00:00:00+00:00,3.961e-05,82517.67674815
2025-04-01 08:00:00+00:00,2.889e-05,83415.2
2025-04-01 16:00:00+00:00,3.573e-05,85245.4
2025-04-02 00:00:00+00:00,-2.112e-05,85120.9
2025-04-02 08:00:00+00:00,3.036e-05,84393.10059259
2025-04-02 16:00:00+00:00,7.33e-06,86716.9
2025-04-03 00:00:00+00:00,5.862e-05,82485.0
2025-04-03 08:00:00+00:00,5.038e-05,83423.97282759
2025-04-03 16:00:00+00:00,6.484e-05,82009.80792337
2025-04-04 00:00:00+00:00,4.283e-05,83168.7
2025-04-04 08:00:00+00:00,4.736e-05,83968.1
2025-04-04 16:00:00+00:00,8.038e-05,82822.0
2025-04-05 00:00:00+00:00,8.559e-05,83861.3
2025-04-05 08:00:00+00:00,7.437e-05,83490.0
2025-04-05 16:00:00+00:00,4.08e-06,82582.45056296
2025-04-06 00:00:00+00:00,2.21e-06,83501.91631852
2025-04-06 08:00:00+00:00,5.363e-05,82990.9
2025-04-06 16:00:00+00:00,-6.03e-06,82503.61944061
2025-04-07 00:00:00+00:00,4.946e-05,78392.35042912
2025-04-07 08:00:00+00:00,6.857e-05,75088.2541037
2025-04-07 16:00:00+00:00,4.998e-05,78465.57328148
2025-04-08 00:00:00+00:00,4.074e-05,79140.1
2025-04-08 08:00:00+00:00,3.575e-05,79455.76043704
2025-04-08 16:00:00+00:00,3.134e-05,78462.8292963
2025-04-09 00:00:00+00:00,9.568e-05,76297.9
2025-04-09 08:00:00+00:00,-2.252e-05,77645.5
2025-04-09 16:00:00+00:00,6.856e-05,77224.48104444
2025-04-10 00:00:00+00:00,7.705e-05,82588.0
2025-04-10 08:00:00+00:00,1.14e-06,81561.5
2025-04-10 16:00:00+00:00,6.775e-05,78726.3
2025-04-11 00:00:00+00:00,2.065e-05,79576.11047407
2025-04-11 08:00:00+00:00,-4.294e-05,81213.7
2025-04-11 16:00:00+00:00,3.29e-05,82486.7
2025-04-12 00:00:00+00:00,3.654e-05,83385.7
2025-04-12 08:00:00+00:00,5.64e-05,83685.4
2025-04-12 16:00:00+00:00,5.388e-05,84974.2
2025-04-13 00:00:00+00:00,5.057e-05,85240.01637778
2025-04-13 08:00:00+00:00,8.429e-05,84383.61757037
2025-04-13 16:00:00+00:00,9.642e-05,83820.1
2025-04-14 00:00:00+00:00,8.113e-05,83715.61378519
2025-04-14 08:00:00+00:00,7.127e-05,84545.16948148
2025-04-14 16:00:00+00:00,2.428e-05,84063.1
2025-04-15 00:00:00+00:00,-2.073e-05,84553.9
2025-04-15 08:00:00+00:00,6.606e-05,85691.3
2025-04-15 16:00:00+00:00,1.883e-05,84874.59705926
2025-04-16 00:00:00+00:00,2.428e-05,83608.7
2025-04-16 08:00:00+00:00,6.917e-05,83336.36678161
2025-04-16 16:00:00+00:00,1.978e-05,84801.7
2025-04-17 00:00:00+00:00,1.404e-05,83994.1836
2025-04-17 08:00:00+00:00,5.679e-05,84630.32499202
2025-04-17 16:00:00+00:00,3.425e-05,84495.5
2025-04-18 00:00:00+00:00,1.788e-05,84916.10982222
2025-04-18 08:00:00+00:00,7.071e-05,84622.9
2025-04-18 16:00:00+00:00,2.995e-05,84337.39696296
2025-04-19 00:00:00+00:00,2.93e-05,84429.71837548
2025-04-19 08:00:00+00:00,6.024e-05,85174.5
2025-04-19 16:00:00+00:00,-1.953e-05,85146.2
2025-04-20 00:00:00+00:00,-2.98e-06,85046.9
2025-04-20 08:00:00+00:00,-1.078e-05,84739.09365128
2025-04-20 16:00:00+00:00,-2.258e-05,84305.11534074
2025-04-21 00:00:00+00:00,5.232e-05,85142.30088148
2025-04-21 08:00:00+00:00,5.403e-05,87400.6
2025-04-21 16:00:00+00:00,1.553e-05,87998.12642222
2025-04-22 00:00:00+00:00,7.749e-05,87467.8227037
2025-04-22 08:00:00+00:00,-7.44e-06,88436.16399259
2025-04-22 16:00:00+00:00,-7.045e-05,90881.1
2025-04-23 00:00:00+00:00,-1.389e-05,93404.9
2025-04-23 08:00:00+00:00,1.374e-05,94110.36297318
2025-04-23 16:00:00+00:00,4.587e-05,93149.55929437
2025-04-24 00:00:00+00:00,-2.671e-05,93641.27053973
2025-04-24 08:00:00+00:00,5.21e-05,92167.24875325
2025-04-24 16:00:00+00:00,-2.165e-05,93148.88519481
2025-04-25 00:00:00+00:00,-1.764e-05,93931.6
2025-04-25 08:00:00+00:00,1.7e-06,93734.0
2025-04-25 16:00:00+00:00,1.2e-06,95000.28830833
2025-04-26 00:00:00+00:00,-0.00010085,94591.8
2025-04-26 08:00:00+00:00,-2.774e-05,94523.02069167
2025-04-26 16:00:00+00:00,2.855e-05,94326.89167892
2025-04-27 00:00:00+00:00,-1.5e-05,94575.7
2025-04-27 08:00:00+00:00,-6.6e-06,94027.7
2025-04-27 16:00:00+00:00,-4.21e-06,93857.8
2025-04-28 00:00:00+00:00,3.73e-06,93697.0
2025-04-28 08:00:00+00:00,2.46e-06,94641.5
2025-04-28 16:00:00+00:00,-5.821e-05,93782.5
2025-04-29 00:00:00+00:00,-7.73e-06,94969.0
2025-04-29 08:00:00+00:00,4.13e-06,94877.9
2025-04-29 16:00:00+00:00,1.305e-05,94800.87365217
2025-04-30 00:00:00+00:00,-5.181e-05,94211.74500725
2025-04-30 08:00:00+00:00,2.939e-05,94577.6
2025-04-30 16:00:00+00:00,-3.797e-05,93961.60732609
2025-05-01 00:00:00+00:00,3.519e-05,94130.75027536
2025-05-01 08:00:00+00:00,5.755e-05,94983.01632609
2025-05-01 16:00:00+00:00,-8.028e-05,96794.89389805
2025-05-02 00:00:00+00:00,-0.00012232,96433.84531159
2025-05-02 08:00:00+00:00,-9.382e-05,96302.1
2025-05-02 16:00:00+00:00,-8.689e-05,97277.00616667
2025-05-03 00:00:00+00:00,-5.953e-05,96831.65852586
2025-05-03 08:00:00+00:00,3.198e-05,96290.8
2025-05-03 16:00:00+00:00,-1.483e-05,96360.13496232
2025-05-04 00:00:00+00:00,3.7e-06,95819.52819239
2025-05-04 08:00:00+00:00,3.229e-05,95842.1
2025-05-04 16:00:00+00:00,3.745e-05,95421.1
2025-05-05 00:00:00+00:00,-2.404e-05,94240.51430435
2025-05-05 08:00:00+00:00,3.636e-05,94697.80169565
2025-05-05 16:00:00+00:00,-2.247e-05,93731.39948913
2025-05-06 00:00:00+00:00,1.978e-05,94696.8
2025-05-06 08:00:00+00:00,4.44e-05,94353.53756884
2025-05-06 16:00:00+00:00,7.57e-06,94511.8
2025-05-07 00:00:00+00:00,1.218e-05,96794.5
2025-05-07 08:00:00+00:00,-2.5e-07,96949.17783333
2025-05-07 16:00:00+00:00,1.32e-05,96888.9
2025-05-08 00:00:00+00:00,2.318e-05,96990.24909783
2025-05-08 08:00:00+00:00,4.608e-05,99215.08710145
2025-05-08 16:00:00+00:00,5.728e-05,100730.9
2025-05-09 00:00:00+00:00,0.0001,103241.74847826
2025-05-09 08:00:00+00:00,0.0001,103628.9027029
2025-05-09 16:00:00+00:00,4.378e-05,102852.4
2025-05-10 00:00:00+00:00,9.657e-05,102941.8
2025-05-10 08:00:00+00:00,0.0001,103721.7
2025-05-10 16:00:00+00:00,4.257e-05,103102.7
2025-05-11 00:00:00+00:00,0.0001,104789.0
2025-05-11 08:00:00+00:00,4.15e-05,103336.9
2025-05-11 16:00:00+00:00,0.0001,104089.06693841
2025-05-12 00:00:00+00:00,4.454e-05,104072.8
2025-05-12 08:00:00+00:00,0.0001,104426.2
2025-05-12 16:00:00+00:00,2.301e-05,102484.98667754
2025-05-13 00:00:00+00:00,6.847e-05,102739.98641667
2025-05-13 08:00:00+00:00,0.0001,102624.0
2025-05-13 16:00:00+00:00,7.256e-05,103642.21569565
2025-05-14 00:00:00+00:00,9.921e-05,104082.25016667
2025-05-14 08:00:00+00:00,7.542e-05,103662.2
2025-05-14 16:00:00+00:00,3.175e-05,103461.4
2025-05-15 00:00:00+00:00,2.978e-05,103458.2
2025-05-15 08:00:00+00:00,5.336e-05,101733.9
2025-05-15 16:00:00+00:00,1.439e-05,103212.64269928
2025-05-16 00:00:00+00:00,4.504e-05,103731.0
2025-05-16 08:00:00+00:00,7.535e-05,103646.6
2025-05-16 16:00:00+00:00,4.768e-05,104152.87767029
2025-05-17 00:00:00+00:00,2.821e-05,103420.88946739
2025-05-17 08:00:00+00:00,3.34e-05,103399.4
2025-05-17 16:00:00+00:00,5.97e-06,102900.0
2025-05-18 00:00:00+00:00,6.742e-05,103079.5
2025-05-18 08:00:00+00:00,5.903e-05,103891.4
2025-05-18 16:00:00+00:00,0.0001,105484.2
2025-05-19 00:00:00+00:00,5.99e-05,106415.65899638
2025-05-19 08:00:00+00:00,6.04e-05,103175.66738043
2025-05-19 16:00:00+00:00,2.11e-05,104740.4
2025-05-20 00:00:00+00:00,8.378e-05,105539.99272464
2025-05-20 08:00:00+00:00,7.107e-05,104998.20574797
2025-05-20 16:00:00+00:00,1.266e-05,105294.5
2025-05-21 00:00:00+00:00,8.767e-05,106800.4
2025-05-21 08:00:00+00:00,7.147e-05,106469.35994203
2025-05-21 16:00:00+00:00,5.119e-05,108936.7
2025-05-22 00:00:00+00:00,0.0001,109611.57980435
2025-05-22 08:00:00+00:00,0.0001,111005.8
2025-05-22 16:00:00+00:00,0.0001,111236.8
2025-05-23 00:00:00+00:00,9.321e-05,111663.50596536
2025-05-23 08:00:00+00:00,7.261e-05,110685.2
2025-05-23 16:00:00+00:00,8.614e-05,108889.2
2025-05-24 00:00:00+00:00,3.524e-05,107273.6267971
2025-05-24 08:00:00+00:00,4.59e-05,107554.85993116
2025-05-24 16:00:00+00:00,7.837e-05,108895.88856522
2025-05-25 00:00:00+00:00,9.794e-05,107698.9
2025-05-25 08:00:00+00:00,5.113e-05,107634.7
2025-05-25 16:00:00+00:00,3.651e-05,106928.0
2025-05-26 00:00:00+00:00,7.331e-05,108955.9
2025-05-26 08:00:00+00:00,0.0001,110050.0
2025-05-26 16:00:00+00:00,9.782e-05,109951.1
2025-05-27 00:00:00+00:00,7.65e-05,109403.70430072
2025-05-27 08:00:00+00:00,7.266e-05,109471.8
2025-05-27 16:00:00+00:00,2.476e-05,110091.3
2025-05-28 00:00:00+00:00,3.26e-05,108889.2
2025-05-28 08:00:00+00:00,2.164e-05,108764.9
2025-05-28 16:00:00+00:00,5.368e-05,107066.31867754
2025-05-29 00:00:00+00:00,3.186e-05,107723.1
2025-05-29 08:00:00+00:00,2.812e-05,107839.5
2025-05-29 16:00:00+00:00,8.379e-05,106972.6
2025-05-30 00:00:00+00:00,2.622e-05,105540.0
2025-05-30 08:00:00+00:00,3.849e-05,104997.4
2025-05-30 16:00:00+00:00,7.392e-05,105503.9
2025-05-31 00:00:00+00:00,8.506e-05,103950.0
2025-05-31 08:00:00+00:00,7.552e-05,103701.25933333
2025-05-31 16:00:00+00:00,4.687e-05,104499.67307246
2025-06-01 00:00:00+00:00,-5.82e-06,104544.7
2025-06-01 08:00:00+00:00,2.335e-05,104231.0
2025-06-01 16:00:00+00:00,4.117e-05,104664.0
2025-06-02 00:00:00+00:00,-6.42e-06,105589.61297464
2025-06-02 08:00:00+00:00,5.593e-05,105346.4
2025-06-02 16:00:00+00:00,4.467e-05,104396.9
2025-06-03 00:00:00+00:00,5.005e-05,105814.4
2025-06-03 08:00:00+00:00,6.066e-05,105134.3
2025-06-03 16:00:00+00:00,4.456e-05,106556.1
2025-06-04 00:00:00+00:00,-1.1e-07,105330.1
2025-06-04 08:00:00+00:00,2.611e-05,105260.4656625
2025-06-04 16:00:00+00:00,9.62e-06,105255.92777899
2025-06-05 00:00:00+00:00,7.4e-07,104646.0376413
2025-06-05 08:00:00+00:00,2.871e-05,104473.0
2025-06-05 16:00:00+00:00,5.156e-05,104485.4
2025-06-06 00:00:00+00:00,-3.491e-05,101458.7
2025-06-06 08:00:00+00:00,-3.03e-05,103096.8
2025-06-06 16:00:00+00:00,-2.995e-05,105037.54876812
2025-06-07 00:00:00+00:00,-2.89e-05,104240.1
2025-06-07 08:00:00+00:00,-3.158e-05,104813.72660507
2025-06-07 16:00:00+00:00,2.94e-06,105508.84818333
2025-06-08 00:00:00+00:00,4.808e-05,105509.63211957
2025-06-08 08:00:00+00:00,5.613e-05,105380.4
2025-06-08 16:00:00+00:00,-3.602e-05,105923.14248188
2025-06-09 00:00:00+00:00,-2.164e-05,105679.25375362
2025-06-09 08:00:00+00:00,4.024e-05,105517.90905797
2025-06-09 16:00:00+00:00,3.057e-05,107568.29532246
2025-06-10 00:00:00+00:00,6.374e-05,110227.9
2025-06-10 08:00:00+00:00,0.0001,109178.1
2025-06-10 16:00:00+00:00,8.165e-05,108970.17962319
2025-06-11 00:00:00+00:00,8.779e-05,110235.3
2025-06-11 08:00:00+00:00,8.39e-05,109397.0
2025-06-11 16:00:00+00:00,5.039e-05,109694.9
2025-06-12 00:00:00+00:00,1.856e-05,108610.75909727
2025-06-12 08:00:00+00:00,7.247e-05,107578.64501938
2025-06-12 16:00:00+00:00,1.198e-05,106960.7
2025-06-13 00:00:00+00:00,-1.801e-05,105621.56706522
2025-06-13 08:00:00+00:00,-2.7e-06,104831.4
2025-06-13 16:00:00+00:00,3.857e-05,105392.0
2025-06-14 00:00:00+00:00,1.958e-05,106031.87648551
2025-06-14 08:00:00+00:00,3.858e-05,105029.9210759
2025-06-14 16:00:00+00:00,1.135e-05,104785.31052899
2025-06-15 00:00:00+00:00,-3.641e-05,105359.8
2025-06-15 08:00:00+00:00,1.439e-05,105378.68969203
2025-06-15 16:00:00+00:00,7.369e-05,105526.0
2025-06-16 00:00:00+00:00,9.36e-06,105546.26398514
2025-06-16 08:00:00+00:00,5.07e-05,107023.8
2025-06-16 16:00:00+00:00,2.793e-05,107375.0
2025-06-17 00:00:00+00:00,1.847e-05,106750.1
2025-06-17 08:00:00+00:00,5.776e-05,106711.1
2025-06-17 16:00:00+00:00,2.211e-05,104203.95066304
2025-06-18 00:00:00+00:00,-1.752e-05,104508.0
2025-06-18 08:00:00+00:00,3.695e-05,104925.6
2025-06-18 16:00:00+00:00,6.692e-05,104751.91415217
2025-06-19 00:00:00+00:00,8.45e-06,104836.47953623
2025-06-19 08:00:00+00:00,6.16e-06,104593.47301449
2025-06-19 16:00:00+00:00,2.396e-05,104055.2
2025-06-20 00:00:00+00:00,3.565e-05,104612.28734221
2025-06-20 08:00:00+00:00,7.862e-05,105763.5
2025-06-20 16:00:00+00:00,2.4e-05,104168.5
2025-06-21 00:00:00+00:00,3.977e-05,103246.0
2025-06-21 08:00:00+00:00,1.933e-05,103405.77309257
2025-06-21 16:00:00+00:00,7.44e-05,103516.7
2025-06-22 00:00:00+00:00,2.883e-05,102072.0
2025-06-22 08:00:00+00:00,0.0001,102399.0
2025-06-22 16:00:00+00:00,4.145e-05,98855.01865881
2025-06-23 00:00:00+00:00,-1.061e-05,100917.08497464
2025-06-23 08:00:00+00:00,-2.809e-05,101874.4
2025-06-23 16:00:00+00:00,4.889e-05,101374.2
2025-06-24 00:00:00+00:00,1.245e-05,105293.94364855
2025-06-24 08:00:00+00:00,1.218e-05,104909.9157971
2025-06-24 16:00:00+00:00,4.47e-06,105182.2177029
2025-06-25 00:00:00+00:00,-3.174e-05,106035.0
2025-06-25 08:00:00+00:00,2.747e-05,106556.27685145
2025-06-25 16:00:00+00:00,9.62e-06,106984.14716304
2025-06-26 00:00:00+00:00,1.41e-06,107283.48498551
2025-06-26 08:00:00+00:00,3.805e-05,107768.6
2025-06-26 16:00:00+00:00,6.82e-06,107259.9
2025-06-27 00:00:00+00:00,1.113e-05,106913.8
2025-06-27 08:00:00+00:00,2.663e-05,106822.99177536
2025-06-27 16:00:00+00:00,2.557e-05,107261.2
2025-06-28 00:00:00+00:00,-1.161e-05,106996.9
2025-06-28 08:00:00+00:00,6.053e-05,107433.05392391
2025-06-28 16:00:00+00:00,4.434e-05,107407.6
2025-06-29 00:00:00+00:00,1.25e-05,107241.0
2025-06-29 08:00:00+00:00,5.36e-05,107355.6
2025-06-29 16:00:00+00:00,0.0001,107694.80147464
2025-06-30 00:00:00+00:00,1.084e-05,108310.31981522
2025-06-30 08:00:00+00:00,2.959e-05,107562.6
2025-06-30 16:00:00+00:00,4.923e-05,107538.70402174
2025-07-01 00:00:00+00:00,1.053e-05,107096.82611594
2025-07-01 08:00:00+00:00,4.334e-05,107122.8
2025-07-01 16:00:00+00:00,1.109e-05,105905.4
2025-07-02 00:00:00+00:00,1.807e-05,105638.0
2025-07-02 08:00:00+00:00,3.403e-05,107026.0
2025-07-02 16:00:00+00:00,4.13e-05,108695.3
2025-07-03 00:00:00+00:00,4.871e-05,108800.0
2025-07-03 08:00:00+00:00,3.562e-05,109235.0408587
2025-07-03 16:00:00+00:00,5.028e-05,109089.9
2025-07-04 00:00:00+00:00,5.23e-05,109545.2
2025-07-04 08:00:00+00:00,5.009e-05,108666.22027536
2025-07-04 16:00:00+00:00,1.797e-05,107534.7
2025-07-05 00:00:00+00:00,1.066e-05,107935.3
2025-07-05 08:00:00+00:00,3.055e-05,108001.93068165
2025-07-05 16:00:00+00:00,4.005e-05,108012.7
2025-07-06 00:00:00+00:00,1.941e-05,108153.4
2025-07-06 08:00:00+00:00,1.665e-05,107991.4
2025-07-06 16:00:00+00:00,1.028e-05,108856.8
2025-07-07 00:00:00+00:00,2.36e-05,109145.8
2025-07-07 08:00:00+00:00,3.438e-05,109016.3
2025-07-07 16:00:00+00:00,4.271e-05,108252.0
2025-07-08 00:00:00+00:00,1.073e-05,108208.86520652
2025-07-08 08:00:00+00:00,4.563e-05,108440.6
2025-07-08 16:00:00+00:00,3.601e-05,108216.9
2025-07-09 00:00:00+00:00,3.093e-05,108873.1
2025-07-09 08:00:00+00:00,3.396e-05,108674.8
2025-07-09 16:00:00+00:00,4.253e-05,109020.0
2025-07-10 00:00:00+00:00,0.0001,111199.8
2025-07-10 08:00:00+00:00,8.523e-05,111186.1
2025-07-10 16:00:00+00:00,1.908e-05,111349.5
2025-07-11 00:00:00+00:00,0.0001,115979.2
2025-07-11 08:00:00+00:00,0.0001,117522.8
2025-07-11 16:00:00+00:00,0.0001,116897.42130435
2025-07-12 00:00:00+00:00,0.0001,117501.26688406
2025-07-12 08:00:00+00:00,0.0001,117689.7
2025-07-12 16:00:00+00:00,0.0001,117075.5
2025-07-13 00:00:00+00:00,0.0001,117389.4
2025-07-13 08:00:00+00:00,0.0001,117957.51349275
2025-07-13 16:00:00+00:00,0.0001,118611.53782971
2025-07-14 00:00:00+00:00,8.051e-05,119041.56046377
2025-07-14 08:00:00+00:00,0.0001,122717.44717391
2025-07-14 16:00:00+00:00,0.0001,119867.57057971
2025-07-15 00:00:00+00:00,0.0001,119818.52750362
2025-07-15 08:00:00+00:00,0.0001,116780.52426812
2025-07-15 16:00:00+00:00,0.0001,116389.57304348
2025-07-16 00:00:00+00:00,0.0001,117738.5
2025-07-16 08:00:00+00:00,0.0001,118184.09413043
2025-07-16 16:00:00+00:00,0.0001,119054.3
2025-07-17 00:00:00+00:00,0.0001,118598.08606159
2025-07-17 08:00:00+00:00,0.0001,118289.1
2025-07-17 16:00:00+00:00,0.0001,118874.61847826
2025-07-18 00:00:00+00:00,0.0001,119176.6
2025-07-18 08:00:00+00:00,0.0001,119356.5
2025-07-18 16:00:00+00:00,0.0001,117851.82027174
2025-07-19 00:00:00+00:00,0.0001,117897.67534058
2025-07-19 08:00:00+00:00,0.0001,118135.0
2025-07-19 16:00:00+00:00,0.0001,118036.56383986
2025-07-20 00:00:00+00:00,0.0001,117814.4
2025-07-20 08:00:00+00:00,0.0001,117993.92586594
2025-07-20 16:00:00+00:00,0.0001,118669.4
2025-07-21 00:00:00+00:00,0.0001,117227.38173188
2025-07-21 08:00:00+00:00,0.0001,119352.1
2025-07-21 16:00:00+00:00,0.0001,118304.2
2025-07-22 00:00:00+00:00,0.0001,117331.09485145
2025-07-22 08:00:00+00:00,0.0001,117959.5
2025-07-22 16:00:00+00:00,0.0001,118899.8
2025-07-23 00:00:00+00:00,0.0001,119993.7
2025-07-23 08:00:00+00:00,0.0001,118327.36687681
2025-07-23 16:00:00+00:00,0.0001,118531.0
2025-07-24 00:00:00+00:00,0.0001,118713.5
2025-07-24 08:00:00+00:00,0.0001,118368.0
2025-07-24 16:00:00+00:00,0.0001,119074.1
2025-07-25 00:00:00+00:00,0.0001,118283.4
2025-07-25 08:00:00+00:00,0.0001,115314.35953986
2025-07-25 16:00:00+00:00,0.0001,115691.05080797
2025-07-26 00:00:00+00:00,0.0001,117588.55875092
2025-07-26 08:00:00+00:00,0.0001,117288.73869928
2025-07-26 16:00:00+00:00,0.0001,118112.87820652
2025-07-27 00:00:00+00:00,0.0001,117889.3
2025-07-27 08:00:00+00:00,0.0001,118087.08156884
2025-07-27 16:00:00+00:00,0.0001,118580.8
2025-07-28 00:00:00+00:00,0.0001,119419.44478261
2025-07-28 08:00:00+00:00,0.0001,118886.24443841
2025-07-28 16:00:00+00:00,0.0001,118158.66325758
2025-07-29 00:00:00+00:00,0.0001,118041.8671553
2025-07-29 08:00:00+00:00,0.0001,118856.3
2025-07-29 16:00:00+00:00,0.0001,117351.43826812
2025-07-30 00:00:00+00:00,0.0001,117904.12262319
2025-07-30 08:00:00+00:00,0.0001,118083.2
2025-07-30 16:00:00+00:00,0.0001,117949.9
2025-07-31 00:00:00+00:00,5.694e-05,117772.92036957
2025-07-31 08:00:00+00:00,0.0001,118624.0
2025-07-31 16:00:00+00:00,0.0001,118263.69556522
2025-08-01 00:00:00+00:00,-1.408e-05,115702.16776087
2025-08-01 08:00:00+00:00,1.549e-05,115035.53571377
2025-08-01 16:00:00+00:00,5.681e-05,115305.3
2025-08-02 00:00:00+00:00,4.81e-05,113244.7
2025-08-02 08:00:00+00:00,8.94e-06,113920.40738768
2025-08-02 16:00:00+00:00,4.437e-05,112798.5
2025-08-03 00:00:00+00:00,5.633e-05,112509.76593841
2025-08-03 08:00:00+00:00,4.533e-05,113647.1
2025-08-03 16:00:00+00:00,7.504e-05,113905.36980217
2025-08-04 00:00:00+00:00,4.188e-05,114150.84958333
2025-08-04 08:00:00+00:00,5.719e-05,114606.9
2025-08-04 16:00:00+00:00,3.912e-05,114774.5580471
2025-08-05 00:00:00+00:00,7.101e-05,115002.1
2025-08-05 08:00:00+00:00,8.589e-05,113924.7
2025-08-05 16:00:00+00:00,4.784e-05,112890.03634109
2025-08-06 00:00:00+00:00,5.172e-05,114077.36580435
2025-08-06 08:00:00+00:00,9.275e-05,114180.5031938
2025-08-06 16:00:00+00:00,8.288e-05,115389.8435814
2025-08-07 00:00:00+00:00,4.843e-05,114945.2239186
2025-08-07 08:00:00+00:00,7.574e-05,114751.2
2025-08-07 16:00:00+00:00,6.275e-05,116634.6
2025-08-08 00:00:00+00:00,2.403e-05,117419.9
2025-08-08 08:00:00+00:00,1.729e-05,116773.122225
2025-08-08 16:00:00+00:00,7.973e-05,116170.72810417
2025-08-09 00:00:00+00:00,8.835e-05,116628.2
2025-08-09 08:00:00+00:00,9.087e-05,116703.2
2025-08-09 16:00:00+00:00,5.151e-05,116839.01276667
2025-08-10 00:00:00+00:00,9.849e-05,116422.0
2025-08-10 08:00:00+00:00,0.0001,117770.1
2025-08-10 16:00:00+00:00,0.0001,118773.19905
2025-08-11 00:00:00+00:00,0.0001,119255.3
2025-08-11 08:00:00+00:00,0.0001,121533.485
2025-08-11 16:00:00+00:00,0.0001,120276.94746739
2025-08-12 00:00:00+00:00,0.0001,118642.12869203
2025-08-12 08:00:00+00:00,7.988e-05,118931.9
2025-08-12 16:00:00+00:00,8.543e-05,119887.9
2025-08-13 00:00:00+00:00,7.123e-05,120081.0
2025-08-13 08:00:00+00:00,0.0001,119546.71040942
2025-08-13 16:00:00+00:00,0.0001,120907.16175725
2025-08-14 00:00:00+00:00,0.0001,123324.0
2025-08-14 08:00:00+00:00,0.0001,121739.29889855
2025-08-14 16:00:00+00:00,0.0001,118206.5
2025-08-15 00:00:00+00:00,1.939e-05,118245.12016304
2025-08-15 08:00:00+00:00,7.99e-05,118908.4
2025-08-15 16:00:00+00:00,3.722e-05,117224.26810507
2025-08-16 00:00:00+00:00,8.85e-05,117282.05060833
2025-08-16 08:00:00+00:00,8.268e-05,117543.6
2025-08-16 16:00:00+00:00,9.023e-05,117626.9
2025-08-17 00:00:00+00:00,8.206e-05,117333.60187083
2025-08-17 08:00:00+00:00,4.68e-05,117949.9
2025-08-17 16:00:00+00:00,1.862e-05,118193.93730833
2025-08-18 00:00:00+00:00,2.846e-05,117358.84539167
2025-08-18 08:00:00+00:00,-6.82e-06,115153.2
2025-08-18 16:00:00+00:00,5.296e-05,116099.9
2025-08-19 00:00:00+00:00,7.137e-05,116183.6
2025-08-19 08:00:00+00:00,6.262e-05,114928.8
2025-08-19 16:00:00+00:00,3.167e-05,113730.0
2025-08-20 00:00:00+00:00,4.543e-05,112829.16656522
2025-08-20 08:00:00+00:00,1.364e-05,113436.7
2025-08-20 16:00:00+00:00,4.936e-05,113293.1
2025-08-21 00:00:00+00:00,1.143e-05,114221.25347464
2025-08-21 08:00:00+00:00,7.757e-05,113836.8
2025-08-21 16:00:00+00:00,7.414e-05,112748.9
2025-08-22 00:00:00+00:00,7.296e-05,112461.5
2025-08-22 08:00:00+00:00,0.0001,113040.1
2025-08-22 16:00:00+00:00,5.867e-05,116319.3
2025-08-23 00:00:00+00:00,0.0001,116897.5
2025-08-23 08:00:00+00:00,0.0001,115769.9
2025-08-23 16:00:00+00:00,9.711e-05,114778.21648188
2025-08-24 00:00:00+00:00,0.0001,115377.1
2025-08-24 08:00:00+00:00,0.0001,114854.8
2025-08-24 16:00:00+00:00,0.0001,114374.99972826
2025-08-25 00:00:00+00:00,0.0001,113446.3
2025-08-25 08:00:00+00:00,0.0001,111472.55518478
2025-08-25 16:00:00+00:00,8.344e-05,112139.1
2025-08-26 00:00:00+00:00,4.522e-05,110064.58160507
2025-08-26 08:00:00+00:00,3.9e-05,110246.49650362
2025-08-26 16:00:00+00:00,0.0001,109634.08811594
2025-08-27 00:00:00+00:00,1.802e-05,111709.9
2025-08-27 08:00:00+00:00,5.503e-05,110688.0
2025-08-27 16:00:00+00:00,3.496e-05,111965.1
2025-08-28 00:00:00+00:00,5.297e-05,111207.83953261
2025-08-28 08:00:00+00:00,9.693e-05,113079.3
2025-08-28 16:00:00+00:00,7.512e-05,112642.4190942
2025-08-29 00:00:00+00:00,4.261e-05,112509.45998913
2025-08-29 08:00:00+00:00,5.856e-05,109989.38102899
2025-08-29 16:00:00+00:00,6.44e-06,108340.72792754
2025-08-30 00:00:00+00:00,7.523e-05,108332.4
2025-08-30 08:00:00+00:00,7.979e-05,108466.7
2025-08-30 16:00:00+00:00,8.042e-05,108830.0
2025-08-31 00:00:00+00:00,-1.232e-05,108758.15376812
2025-08-31 08:00:00+00:00,4.749e-05,108658.2
2025-08-31 16:00:00+00:00,0.0001,108763.86765217
2025-09-01 00:00:00+00:00,4.66e-05,108208.3
2025-09-01 08:00:00+00:00,0.0001,109367.8
2025-09-01 16:00:00+00:00,4.963e-05,108737.9
2025-09-02 00:00:00+00:00,6.946e-05,109193.10473913
2025-09-02 08:00:00+00:00,8.805e-05,110190.1
2025-09-02 16:00:00+00:00,6.356e-05,110789.9
2025-09-03 00:00:00+00:00,7.67e-06,111189.75470652
2025-09-03 08:00:00+00:00,5.127e-05,111045.87517029
2025-09-03 16:00:00+00:00,2.344e-05,112171.59743478
2025-09-04 00:00:00+00:00,1.808e-05,111664.20931522
2025-09-04 08:00:00+00:00,4.385e-05,110417.3
2025-09-04 16:00:00+00:00,7.941e-05,109464.1
2025-09-05 00:00:00+00:00,7.532e-05,110679.5
2025-09-05 08:00:00+00:00,0.0001,112906.33317391
2025-09-05 16:00:00+00:00,7.872e-05,110672.1
2025-09-06 00:00:00+00:00,1.297e-05,110614.9
2025-09-06 08:00:00+00:00,5.66e-05,110779.9
2025-09-06 16:00:00+00:00,5.11e-05,110324.2
2025-09-07 00:00:00+00:00,1.97e-05,110135.3
2025-09-07 08:00:00+00:00,3.611e-05,110710.8
2025-09-07 16:00:00+00:00,6.969e-05,111280.66566667
2025-09-08 00:00:00+00:00,9.404e-05,111079.2797029
2025-09-08 08:00:00+00:00,6.682e-05,111236.4
2025-09-08 16:00:00+00:00,7.311e-05,112574.15101812
2025-09-09 00:00:00+00:00,3.799e-05,112015.09961957
2025-09-09 08:00:00+00:00,0.0001,112952.16761594
2025-09-09 16:00:00+00:00,0.0001,110830.1
2025-09-10 00:00:00+00:00,5.805e-05,111500.0
2025-09-10 08:00:00+00:00,5.026e-05,112503.82111957
2025-09-10 16:00:00+00:00,0.0001,113795.6
2025-09-11 00:00:00+00:00,5.843e-05,113899.89001087
2025-09-11 08:00:00+00:00,4.283e-05,114040.0
2025-09-11 16:00:00+00:00,3.326e-05,114133.27146739
2025-09-12 00:00:00+00:00,6.137e-05,115426.9
2025-09-12 08:00:00+00:00,3.768e-05,115049.0
2025-09-12 16:00:00+00:00,6.891e-05,115064.8
2025-09-13 00:00:00+00:00,-1.554e-05,115978.4
2025-09-13 08:00:00+00:00,2.251e-05,115719.33161349
2025-09-13 16:00:00+00:00,3.137e-05,115721.3
2025-09-14 00:00:00+00:00,8.182e-05,115865.61246739
2025-09-14 08:00:00+00:00,4.78e-05,115747.96161957
2025-09-14 16:00:00+00:00,3.115e-05,115191.27874724
2025-09-15 00:00:00+00:00,6.207e-05,115227.83664493
2025-09-15 08:00:00+00:00,8.259e-05,115769.6
2025-09-15 16:00:00+00:00,8.189e-05,114805.44046377
2025-09-16 00:00:00+00:00,9.97e-06,115300.6
2025-09-16 08:00:00+00:00,6.991e-05,115799.4
2025-09-16 16:00:00+00:00,6.472e-05,115878.0
2025-09-17 00:00:00+00:00,6.972e-05,116747.3
2025-09-17 08:00:00+00:00,8.441e-05,117120.5
2025-09-17 16:00:00+00:00,6.303e-05,115825.1
2025-09-18 00:00:00+00:00,4.941e-05,116402.5
2025-09-18 08:00:00+00:00,8.928e-05,117042.70206159
2025-09-18 16:00:00+00:00,4.208e-05,117530.2
2025-09-19 00:00:00+00:00,-2.31e-06,117017.51732609
2025-09-19 08:00:00+00:00,2.109e-05,116850.1
2025-09-19 16:00:00+00:00,5.264e-05,115827.0
2025-09-20 00:00:00+00:00,3.757e-05,115569.76332609
2025-09-20 08:00:00+00:00,-2.7e-07,115909.9
2025-09-20 16:00:00+00:00,-1.006e-05,115928.4
2025-09-21 00:00:00+00:00,-5.322e-05,115625.0
2025-09-21 08:00:00+00:00,2.563e-05,115773.32392029
2025-09-21 16:00:00+00:00,3.742e-05,115473.52326812
2025-09-22 00:00:00+00:00,6.665e-05,115183.9
2025-09-22 08:00:00+00:00,1.743e-05,112454.24433333
2025-09-22 16:00:00+00:00,4.838e-05,112768.7
2025-09-23 00:00:00+00:00,7.062e-05,112604.7
2025-09-23 08:00:00+00:00,7.083e-05,113048.1
2025-09-23 16:00:00+00:00,7.478e-05,112829.13869565
2025-09-24 00:00:00+00:00,5.794e-05,111947.1
2025-09-24 08:00:00+00:00,6.267e-05,112544.7
2025-09-24 16:00:00+00:00,4.886e-05,113300.0
2025-09-25 00:00:00+00:00,-2.2e-06,113254.73047826
2025-09-25 08:00:00+00:00,1.73e-05,111712.21934783
2025-09-25 16:00:00+00:00,9.56e-05,111546.0067971
2025-09-26 00:00:00+00:00,3.143e-05,108944.80184783
2025-09-26 08:00:00+00:00,4.36e-05,109257.3
2025-09-26 16:00:00+00:00,7.716e-05,108983.16757971
2025-09-27 00:00:00+00:00,-1e-07,109588.74702899
2025-09-27 08:00:00+00:00,3.425e-05,109354.9
2025-09-27 16:00:00+00:00,7.821e-05,109348.37457246
2025-09-28 00:00:00+00:00,3.314e-05,109577.33157971
2025-09-28 08:00:00+00:00,4.976e-05,109468.5
2025-09-28 16:00:00+00:00,5.261e-05,109989.9
2025-09-29 00:00:00+00:00,2.312e-05,112119.6
2025-09-29 08:00:00+00:00,1.304e-05,111814.8
2025-09-29 16:00:00+00:00,3.2e-07,113753.37049275
2025-09-30 00:00:00+00:00,2.353e-05,114261.5775
2025-09-30 08:00:00+00:00,5.893e-05,113662.3
2025-09-30 16:00:00+00:00,2.584e-05,113055.5
2025-10-01 00:00:00+00:00,3.355e-05,113988.7
2025-10-01 08:00:00+00:00,3.457e-05,114488.84474513
2025-10-01 16:00:00+00:00,0.0001,117367.03486232
2025-10-02 00:00:00+00:00,7.784e-05,118553.6
2025-10-02 08:00:00+00:00,0.0001,118444.2
2025-10-02 16:00:00+00:00,9.543e-05,119876.19732609
2025-10-03 00:00:00+00:00,9.926e-05,120481.3
2025-10-03 08:00:00+00:00,0.0001,119620.0
2025-10-03 16:00:00+00:00,0.0001,122240.9233958
2025-10-04 00:00:00+00:00,0.0001,122182.6
2025-10-04 08:00:00+00:00,0.0001,122274.3698051
2025-10-04 16:00:00+00:00,8.312e-05,121740.07963043
2025-10-05 00:00:00+00:00,8.648e-05,122343.2
2025-10-05 08:00:00+00:00,0.0001,124692.5
2025-10-05 16:00:00+00:00,9.566e-05,122753.0
2025-10-06 00:00:00+00:00,7.672e-05,123426.7
2025-10-06 08:00:00+00:00,9.708e-05,123342.94168841
2025-10-06 16:00:00+00:00,5.831e-05,124946.2
2025-10-07 00:00:00+00:00,0.0001,124619.4849058
2025-10-07 08:00:00+00:00,8.608e-05,123629.13742754
2025-10-07 16:00:00+00:00,6.194e-05,121822.13839855
2025-10-08 00:00:00+00:00,2.542e-05,121286.5
2025-10-08 08:00:00+00:00,0.0001,121555.76018116
2025-10-08 16:00:00+00:00,5.396e-05,122140.58355072
2025-10-09 00:00:00+00:00,1.344e-05,123237.94232609
2025-10-09 08:00:00+00:00,5.35e-05,121847.8
2025-10-09 16:00:00+00:00,1.455e-05,121084.88746377
2025-10-10 00:00:00+00:00,7.85e-06,121582.7910045
2025-10-10 08:00:00+00:00,3.879e-05,120878.7
2025-10-10 16:00:00+00:00,1.013e-05,118962.1
2025-10-11 00:00:00+00:00,0.0001,112716.8
2025-10-11 08:00:00+00:00,0.0001,110331.91623913
2025-10-11 16:00:00+00:00,4.67e-06,111744.4
2025-10-12 00:00:00+00:00,-3.055e-05,110579.1
2025-10-12 08:00:00+00:00,2.865e-05,111468.10053623
2025-10-12 16:00:00+00:00,-0.00010915,113123.87871739
2025-10-13 00:00:00+00:00,-3.942e-05,114894.4
2025-10-13 08:00:00+00:00,2.519e-05,115341.8
2025-10-13 16:00:00+00:00,-2.305e-05,114260.8
2025-10-14 00:00:00+00:00,-4.041e-05,115112.0
2025-10-14 08:00:00+00:00,7.12e-06,111677.04921014
2025-10-14 16:00:00+00:00,-4.498e-05,112817.34618841
2025-10-15 00:00:00+00:00,-5.425e-05,112984.75726812
2025-10-15 08:00:00+00:00,3.973e-05,112526.11848551
2025-10-15 16:00:00+00:00,2.25e-06,110757.4
2025-10-16 00:00:00+00:00,-2.741e-05,110701.13593478
2025-10-16 08:00:00+00:00,-2.23e-05,110526.82160145
2025-10-16 16:00:00+00:00,-3.004e-05,108493.60663043
2025-10-17 00:00:00+00:00,-2.85e-06,108132.22237681
2025-10-17 08:00:00+00:00,-6.34e-06,105578.3
2025-10-17 16:00:00+00:00,-2.91e-06,106764.91873188
2025-10-18 00:00:00+00:00,-4.819e-05,106378.67421014
2025-10-18 08:00:00+00:00,-6.376e-05,106642.86139855
2025-10-18 16:00:00+00:00,-3.681e-05,106896.91817391
2025-10-19 00:00:00+00:00,-1.411e-05,107117.5
2025-10-19 08:00:00+00:00,1.512e-05,106733.3
2025-10-19 16:00:00+00:00,2.787e-05,108434.7964058
2025-10-20 00:00:00+00:00,-2.197e-05,108590.7
2025-10-20 08:00:00+00:00,-6.65e-06,111144.51395652
2025-10-20 16:00:00+00:00,-1.8e-07,111079.2
2025-10-21 00:00:00+00:00,-5.567e-05,110469.9
2025-10-21 08:00:00+00:00,2.222e-05,108040.11896377
2025-10-21 16:00:00+00:00,-2.506e-05,113355.3
2025-10-22 00:00:00+00:00,-4.212e-05,108256.95482609
2025-10-22 08:00:00+00:00,2.445e-05,108285.03557721
2025-10-22 16:00:00+00:00,5.702e-05,108375.0050942
2025-10-23 00:00:00+00:00,8.911e-05,107532.0
2025-10-23 08:00:00+00:00,2.673e-05,109229.9408913
2025-10-23 16:00:00+00:00,3.933e-05,109849.0
2025-10-24 00:00:00+00:00,3.391e-05,110032.13344928
2025-10-24 08:00:00+00:00,1.783e-05,111014.12165942
2025-10-24 16:00:00+00:00,3.224e-05,110009.8
2025-10-25 00:00:00+00:00,5.02e-05,110965.34494203
2025-10-25 08:00:00+00:00,1.484e-05,111445.4
2025-10-25 16:00:00+00:00,5.57e-05,111341.17806667
2025-10-26 00:00:00+00:00,1.903e-05,111593.3293913
2025-10-26 08:00:00+00:00,5.35e-06,111672.9
2025-10-26 16:00:00+00:00,6.904e-05,113651.89706522
2025-10-27 00:00:00+00:00,0.0001,114505.72468116
2025-10-27 08:00:00+00:00,0.0001,115522.4
2025-10-27 16:00:00+00:00,7.304e-05,114914.5
2025-10-28 00:00:00+00:00,6.059e-05,114064.1
2025-10-28 08:00:00+00:00,7.806e-05,114132.8762971
2025-10-28 16:00:00+00:00,2.992e-05,114580.1
2025-10-29 00:00:00+00:00,-3.2e-07,112841.11893478
2025-10-29 08:00:00+00:00,3.588e-05,113512.0
2025-10-29 16:00:00+00:00,5.003e-05,111460.6
2025-10-30 00:00:00+00:00,1.097e-05,109985.95808696
2025-10-30 08:00:00+00:00,3.449e-05,111319.3395942
2025-10-30 16:00:00+00:00,3.562e-05,107670.5
2025-10-31 00:00:00+00:00,2.13e-06,108263.5
2025-10-31 08:00:00+00:00,0.0001,109400.0
2025-10-31 16:00:00+00:00,0.0001,110173.78203623
2025-11-01 00:00:00+00:00,0.0001,109557.3
2025-11-01 08:00:00+00:00,0.0001,110025.3
2025-11-01 16:00:00+00:00,9.782e-05,110261.9
2025-11-02 00:00:00+00:00,8.2e-05,110051.81800725
2025-11-02 08:00:00+00:00,8.15e-05,110846.38874638
2025-11-02 16:00:00+00:00,5.635e-05,110066.1
2025-11-03 00:00:00+00:00,6.098e-05,110497.99736957
2025-11-03 08:00:00+00:00,6.853e-05,107431.0332029
2025-11-03 16:00:00+00:00,5.329e-05,105718.8
2025-11-04 00:00:00+00:00,0.0001,106544.0
2025-11-04 08:00:00+00:00,5.808e-05,104446.13108696
2025-11-04 16:00:00+00:00,6.339e-05,103157.2
2025-11-05 00:00:00+00:00,7.132e-05,101437.3
2025-11-05 08:00:00+00:00,2.831e-05,101946.1
2025-11-05 16:00:00+00:00,2.816e-05,103667.8
2025-11-06 00:00:00+00:00,3.985e-05,103847.34145652
2025-11-06 08:00:00+00:00,7.916e-05,103144.43398551
2025-11-06 16:00:00+00:00,4.494e-05,101988.1
2025-11-07 00:00:00+00:00,4.705e-05,101305.6
2025-11-07 08:00:00+00:00,4.227e-05,101978.8
2025-11-07 16:00:00+00:00,8.631e-05,100758.1
2025-11-08 00:00:00+00:00,7.776e-05,103305.2
2025-11-08 08:00:00+00:00,3.047e-05,102314.6037971
2025-11-08 16:00:00+00:00,3.74e-05,101678.1
2025-11-09 00:00:00+00:00,-1.64e-05,102269.2
2025-11-09 08:00:00+00:00,4.187e-05,101898.2
2025-11-09 16:00:00+00:00,8.948e-05,103717.85895652
2025-11-10 00:00:00+00:00,8.87e-05,104670.7
2025-11-10 08:00:00+00:00,7.355e-05,106421.67538406
2025-11-10 16:00:00+00:00,4.979e-05,105018.03477536
2025-11-11 00:00:00+00:00,2.818e-05,105966.2
2025-11-11 08:00:00+00:00,-2.775e-05,104737.0
2025-11-11 16:00:00+00:00,5.823e-05,103421.01242754
2025-11-12 00:00:00+00:00,2.462e-05,103007.53711594
2025-11-12 08:00:00+00:00,6.87e-06,103070.02844928
2025-11-12 16:00:00+00:00,5.786e-05,102156.97811594
2025-11-13 00:00:00+00:00,1.077e-05,101605.9
2025-11-13 08:00:00+00:00,9.352e-05,103431.0
2025-11-13 16:00:00+00:00,7.448e-05,101343.98608696
2025-11-14 00:00:00+00:00,8.569e-05,99663.82278986
2025-11-14 08:00:00+00:00,9.126e-05,97102.43884783
2025-11-14 16:00:00+00:00,9.078e-05,96752.6
2025-11-15 00:00:00+00:00,8.507e-05,94544.9
2025-11-15 08:00:00+00:00,0.0001,96292.37823188
2025-11-15 16:00:00+00:00,5.923e-05,96222.2
2025-11-16 00:00:00+00:00,7.745e-05,95560.3
2025-11-16 08:00:00+00:00,0.0001,96065.30980435
2025-11-16 16:00:00+00:00,7.06e-05,94526.6
2025-11-17 00:00:00+00:00,0.0001,94234.43224638
2025-11-17 08:00:00+00:00,9.568e-05,95599.53695652
2025-11-17 16:00:00+00:00,7.208e-05,93917.48474513
2025-11-18 00:00:00+00:00,0.0001,92169.7
2025-11-18 08:00:00+00:00,0.0001,90463.52234058
2025-11-18 16:00:00+00:00,3.725e-05,92856.83807346
2025-11-19 00:00:00+00:00,7.496e-05,92916.9
2025-11-19 08:00:00+00:00,5.012e-05,91831.80035507
2025-11-19 16:00:00+00:00,3.98e-05,89905.19610145
2025-11-20 00:00:00+00:00,4.259e-05,91522.33241304
2025-11-20 08:00:00+00:00,0.0001,92268.56732609
2025-11-20 16:00:00+00:00,8.999e-05,89845.8
2025-11-21 00:00:00+00:00,4.272e-05,86603.55317391
2025-11-21 08:00:00+00:00,4.524e-05,84022.8696087
2025-11-21 16:00:00+00:00,2.642e-05,82896.5
2025-11-22 00:00:00+00:00,1.373e-05,85093.5
2025-11-22 08:00:00+00:00,6.735e-05,84537.3
2025-11-22 16:00:00+00:00,5.057e-05,84241.49595652
2025-11-23 00:00:00+00:00,3.812e-05,84691.12791304
2025-11-23 08:00:00+00:00,1.53e-06,85745.86332609
2025-11-23 16:00:00+00:00,-8.93e-06,87043.56694928
2025-11-24 00:00:00+00:00,-6e-08,86807.6
2025-11-24 08:00:00+00:00,-1.34e-06,87004.6
2025-11-24 16:00:00+00:00,5.044e-05,86571.90668116
2025-11-25 00:00:00+00:00,-5.29e-05,88247.84814093
2025-11-25 08:00:00+00:00,1.996e-05,87362.2
2025-11-25 16:00:00+00:00,-3.019e-05,86946.5
2025-11-26 00:00:00+00:00,4.038e-05,87324.1
2025-11-26 08:00:00+00:00,5.388e-05,87897.61326087
2025-11-26 16:00:00+00:00,-4.19e-06,86926.52760145
2025-11-27 00:00:00+00:00,-2.599e-05,90440.1
2025-11-27 08:00:00+00:00,2.408e-05,91362.62505797
2025-11-27 16:00:00+00:00,4.624e-05,90913.0
2025-11-28 00:00:00+00:00,1.771e-05,91292.57118441
2025-11-28 08:00:00+00:00,6.007e-05,90877.6
2025-11-28 16:00:00+00:00,-1.703e-05,92310.6888081
2025-11-29 00:00:00+00:00,-1.982e-05,90847.8
2025-11-29 08:00:00+00:00,1.778e-05,90523.5
2025-11-29 16:00:00+00:00,2.635e-05,91029.9
2025-11-30 00:00:00+00:00,6.082e-05,90765.0
2025-11-30 08:00:00+00:00,3.556e-05,90924.6
2025-11-30 16:00:00+00:00,3.88e-05,91411.4
2025-12-01 00:00:00+00:00,3.593e-05,90327.18313043
2025-12-01 08:00:00+00:00,3.153e-05,86498.90961019
2025-12-01 16:00:00+00:00,1.491e-05,84650.79218841
2025-12-02 00:00:00+00:00,-1.009e-05,86251.64706522
2025-12-02 08:00:00+00:00,2.643e-05,86967.63789167
2025-12-02 16:00:00+00:00,3.999e-05,90816.8987029
2025-12-03 00:00:00+00:00,-1.732e-05,91249.1
2025-12-03 08:00:00+00:00,4.206e-05,92970.0
2025-12-03 16:00:00+00:00,-8.85e-06,92333.85671014
2025-12-04 00:00:00+00:00,-3.95e-06,93381.85158696
2025-12-04 08:00:00+00:00,7.435e-05,93361.06881884
2025-12-04 16:00:00+00:00,3.928e-05,92945.25542029
2025-12-05 00:00:00+00:00,4.837e-05,92036.81684783
2025-12-05 08:00:00+00:00,4.944e-05,92219.3
2025-12-05 16:00:00+00:00,3.91e-06,90414.1392971
2025-12-06 00:00:00+00:00,3.693e-05,89288.87393478
2025-12-06 08:00:00+00:00,1.919e-05,89549.6
2025-12-06 16:00:00+00:00,-1.822e-05,89713.4
2025-12-07 00:00:00+00:00,4.192e-05,89190.2
2025-12-07 08:00:00+00:00,1.666e-05,89337.94880435
2025-12-07 16:00:00+00:00,5.212e-05,89509.46367391
2025-12-08 00:00:00+00:00,-5.39e-06,90347.07469565
2025-12-08 08:00:00+00:00,6.545e-05,91519.8
2025-12-08 16:00:00+00:00,3.395e-05,89921.35480435
2025-12-09 00:00:00+00:00,8.52e-06,90610.7
2025-12-09 08:00:00+00:00,6.379e-05,90437.5
2025-12-09 16:00:00+00:00,5.443e-05,92667.54021739
2025-12-10 00:00:00+00:00,2.777e-05,92638.3
2025-12-10 08:00:00+00:00,1.996e-05,92744.7
2025-12-10 16:00:00+00:00,3.205e-05,92029.50025362
2025-12-11 00:00:00+00:00,2.59e-05,91981.25991304
2025-12-11 08:00:00+00:00,-1.577e-05,90231.4
2025-12-11 16:00:00+00:00,6.1e-05,89838.70794203
2025-12-12 00:00:00+00:00,6.914e-05,92479.8
2025-12-12 08:00:00+00:00,4.698e-05,92392.37302174
2025-12-12 16:00:00+00:00,3.383e-05,89905.2817029
2025-12-13 00:00:00+00:00,1.21e-06,90229.7
2025-12-13 08:00:00+00:00,6.02e-05,90282.74673913
2025-12-13 16:00:00+00:00,6.041e-05,90055.4
2025-12-14 00:00:00+00:00,0.0001,90197.0
2025-12-14 08:00:00+00:00,2.898e-05,90205.0
2025-12-14 16:00:00+00:00,3.773e-05,88985.2
2025-12-15 00:00:00+00:00,1.9e-06,88108.1
2025-12-15 08:00:00+00:00,-8.93e-06,89703.0
2025-12-15 16:00:00+00:00,3.081e-05,86995.88862819
2025-12-16 00:00:00+00:00,7.467e-05,86389.99156522
2025-12-16 08:00:00+00:00,1.35e-05,85964.2
2025-12-16 16:00:00+00:00,4.089e-05,87940.4
2025-12-17 00:00:00+00:00,6.221e-05,87826.3
2025-12-17 08:00:00+00:00,8.987e-05,87010.4
2025-12-17 16:00:00+00:00,5.917e-05,87198.3
2025-12-18 00:00:00+00:00,6.23e-05,86206.73265942
2025-12-18 08:00:00+00:00,-8.67e-06,86787.5
2025-12-18 16:00:00+00:00,8.355e-05,88487.0
2025-12-19 00:00:00+00:00,5.491e-05,85473.7159058
2025-12-19 08:00:00+00:00,0.0001,87913.9
2025-12-19 16:00:00+00:00,0.0001,87936.1810045
2025-12-20 00:00:00+00:00,0.0001,88100.0531087
2025-12-20 08:00:00+00:00,1.234e-05,88239.9
2025-12-20 16:00:00+00:00,7.171e-05,88134.6
2025-12-21 00:00:00+00:00,9.682e-05,88320.8
2025-12-21 08:00:00+00:00,8.873e-05,88141.4479058
2025-12-21 16:00:00+00:00,3.977e-05,88024.7
2025-12-22 00:00:00+00:00,4.389e-05,88621.3
2025-12-22 08:00:00+00:00,4.524e-05,89132.4210942
2025-12-22 16:00:00+00:00,6.654e-05,89688.5
2025-12-23 00:00:00+00:00,2.633e-05,88579.9
2025-12-23 08:00:00+00:00,5.231e-05,87531.60234783
2025-12-23 16:00:00+00:00,1.795e-05,87407.18552899
2025-12-24 00:00:00+00:00,0.0001,87463.0
2025-12-24 08:00:00+00:00,8.455e-05,86866.4
2025-12-24 16:00:00+00:00,5.927e-05,87017.48463043
2025-12-25 00:00:00+00:00,5.953e-05,87627.3
2025-12-25 08:00:00+00:00,7.953e-05,87795.9
2025-12-25 16:00:00+00:00,8.322e-05,88327.2
2025-12-26 00:00:00+00:00,4.378e-05,87185.69548551
2025-12-26 08:00:00+00:00,5.427e-05,88433.0
2025-12-26 16:00:00+00:00,0.0001,87100.0
2025-12-27 00:00:00+00:00,1.809e-05,87330.0667084
2025-12-27 08:00:00+00:00,2.788e-05,87490.9
2025-12-27 16:00:00+00:00,5.85e-05,87510.2
2025-12-28 00:00:00+00:00,-3.6e-07,87831.96938406
2025-12-28 08:00:00+00:00,7.955e-05,87697.84224167
2025-12-28 16:00:00+00:00,9.464e-05,87797.6
2025-12-29 00:00:00+00:00,0.0001,87920.5
2025-12-29 08:00:00+00:00,0.0001,89583.0
2025-12-29 16:00:00+00:00,4.826e-05,87643.76313043
2025-12-30 00:00:00+00:00,0.0001,87209.04473188
2025-12-30 08:00:00+00:00,4.613e-05,87457.5
2025-12-30 16:00:00+00:00,8.345e-05,88966.8
2025-12-31 00:00:00+00:00,2.922e-05,88455.3
2025-12-31 08:00:00+00:00,1.453e-05,88569.0
2025-12-31 16:00:00+00:00,3.75e-05,87909.0
2026-01-01 00:00:00+00:00,0.0001,87608.3
2026-01-01 08:00:00+00:00,0.0001,87603.80894203
2026-01-01 16:00:00+00:00,1.711e-05,87986.8
2026-01-02 00:00:00+00:00,5.608e-05,88799.9
2026-01-02 08:00:00+00:00,4.219e-05,88829.2
2026-01-02 16:00:00+00:00,4.813e-05,89373.0
2026-01-03 00:00:00+00:00,3.11e-05,89951.89852174
2026-01-03 08:00:00+00:00,1.055e-05,89535.9
2026-01-03 16:00:00+00:00,6.938e-05,89931.8
2026-01-04 00:00:00+00:00,9.488e-05,90595.85826667
2026-01-04 08:00:00+00:00,5.813e-05,91481.74876087
2026-01-04 16:00:00+00:00,4.436e-05,91295.09684783
2026-01-05 00:00:00+00:00,8.893e-05,91512.43532609
2026-01-05 08:00:00+00:00,5.23e-05,92492.27911544
2026-01-05 16:00:00+00:00,7.723e-05,93914.99367316
2026-01-06 00:00:00+00:00,-1.376e-05,93822.4
2026-01-06 08:00:00+00:00,2.816e-05,93208.62138406
2026-01-06 16:00:00+00:00,2.691e-05,93608.2
2026-01-07 00:00:00+00:00,6.582e-05,93708.0
2026-01-07 08:00:00+00:00,0.0001,92848.1
2026-01-07 16:00:00+00:00,2.885e-05,91303.2
2026-01-08 00:00:00+00:00,8.693e-05,91328.1
2026-01-08 08:00:00+00:00,0.0001,90509.9
2026-01-08 16:00:00+00:00,6.436e-05,90763.7241087
2026-01-09 00:00:00+00:00,-2.813e-05,91059.8
2026-01-09 08:00:00+00:00,7.258e-05,90712.2
2026-01-09 16:00:00+00:00,2.18e-06,91137.7
2026-01-10 00:00:00+00:00,5.643e-05,90604.03880833
2026-01-10 08:00:00+00:00,7.657e-05,90627.1
2026-01-10 16:00:00+00:00,6.235e-05,90622.7
2026-01-11 00:00:00+00:00,8.744e-05,90469.7
2026-01-11 08:00:00+00:00,4.67e-05,90664.86374094
2026-01-11 16:00:00+00:00,1.667e-05,90834.1
2026-01-12 00:00:00+00:00,1.813e-05,90976.6
2026-01-12 08:00:00+00:00,2.902e-05,91369.3
2026-01-12 16:00:00+00:00,4.65e-05,91625.1
2026-01-13 00:00:00+00:00,2.245e-05,91254.18296377
2026-01-13 08:00:00+00:00,9.838e-05,91920.87575362
2026-01-13 16:00:00+00:00,3.445e-05,93407.9
2026-01-14 00:00:00+00:00,1.29e-06,95375.2
2026-01-14 08:00:00+00:00,2.497e-05,95170.48131159
2026-01-14 16:00:00+00:00,4.076e-05,96691.9
2026-01-15 00:00:00+00:00,-3.67e-06,96908.0
2026-01-15 08:00:00+00:00,1.749e-05,96606.62814493
2026-01-15 16:00:00+00:00,1.526e-05,96750.47456522
2026-01-16 00:00:00+00:00,7.34e-05,95567.4
2026-01-16 08:00:00+00:00,7.337e-05,95608.3
2026-01-16 16:00:00+00:00,2.495e-05,94537.5
2026-01-17 00:00:00+00:00,-1.78e-06,95503.7
2026-01-17 08:00:00+00:00,3.007e-05,95061.58289855
2026-01-17 16:00:00+00:00,2.976e-05,95529.0
2026-01-18 00:00:00+00:00,3.503e-05,95108.62485833
2026-01-18 08:00:00+00:00,9.616e-05,94989.9
2026-01-18 16:00:00+00:00,6.571e-05,95072.97801667
2026-01-19 00:00:00+00:00,3.473e-05,93614.0
2026-01-19 08:00:00+00:00,1.943e-05,92788.73004348
2026-01-19 16:00:00+00:00,2.494e-05,93017.11165217
2026-01-20 00:00:00+00:00,9.819e-05,92590.59439855
2026-01-20 08:00:00+00:00,6.626e-05,91136.1
2026-01-20 16:00:00+00:00,5.652e-05,90652.79605072
2026-01-21 00:00:00+00:00,0.0001,88390.6
2026-01-21 08:00:00+00:00,6.055e-05,89180.30531159
2026-01-21 16:00:00+00:00,2.41e-05,90237.2
2026-01-22 00:00:00+00:00,6.355e-05,89419.48837681
2026-01-22 08:00:00+00:00,5.11e-05,89772.5
2026-01-22 16:00:00+00:00,9.419e-05,88978.66202899
2026-01-23 00:00:00+00:00,5.09e-05,89518.5
2026-01-23 08:00:00+00:00,3.39e-05,89509.13183333
2026-01-23 16:00:00+00:00,6.968e-05,89713.0
2026-01-24 00:00:00+00:00,1.531e-05,89558.7
2026-01-24 08:00:00+00:00,8.909e-05,89583.1405
2026-01-24 16:00:00+00:00,3.901e-05,89237.32462519
2026-01-25 00:00:00+00:00,1.336e-05,89181.09492029
2026-01-25 08:00:00+00:00,8.051e-05,88630.90404348
2026-01-25 16:00:00+00:00,4.917e-05,88406.0
2026-01-26 00:00:00+00:00,4.067e-05,86629.0
2026-01-26 08:00:00+00:00,2.847e-05,87969.0
2026-01-26 16:00:00+00:00,5.606e-05,87609.5
2026-01-27 00:00:00+00:00,4.267e-05,88301.36701449
2026-01-27 08:00:00+00:00,6.028e-05,88290.49133841
2026-01-27 16:00:00+00:00,7.503e-05,88009.15772864
2026-01-28 00:00:00+00:00,6.237e-05,89203.89821739
2026-01-28 08:00:00+00:00,6.174e-05,89106.9
2026-01-28 16:00:00+00:00,3.83e-05,89446.72848576
2026-01-29 00:00:00+00:00,7.21e-05,89262.92891304
2026-01-29 08:00:00+00:00,5.856e-05,88310.9
2026-01-29 16:00:00+00:00,4.023e-05,84898.27826087
2026-01-30 00:00:00+00:00,4.478e-05,84617.11086232
2026-01-30 08:00:00+00:00,1.714e-05,82778.82526087
2026-01-30 16:00:00+00:00,3.1e-06,82853.51839855
2026-01-31 00:00:00+00:00,9.693e-05,84213.96525362
2026-01-31 08:00:00+00:00,3.548e-05,83514.4
2026-01-31 16:00:00+00:00,6.585e-05,81275.68205797
2026-02-01 00:00:00+00:00,-3.267e-05,78701.59597101
2026-02-01 08:00:00+00:00,3.421e-05,78320.9
2026-02-01 16:00:00+00:00,1.722e-05,77563.8
2026-02-02 00:00:00+00:00,6.8e-07,76931.6
2026-02-02 08:00:00+00:00,-3.043e-05,76609.9
2026-02-02 16:00:00+00:00,-5.713e-05,78800.6
2026-02-03 00:00:00+00:00,-2.203e-05,78698.62801349
2026-02-03 08:00:00+00:00,2.245e-05,78745.6
2026-02-03 16:00:00+00:00,-4.65e-06,78099.52176087
2026-02-04 00:00:00+00:00,1.19e-06,75732.4
2026-02-04 08:00:00+00:00,3.551e-05,76478.9
2026-02-04 16:00:00+00:00,4.618e-05,74101.9
2026-02-05 00:00:00+00:00,9.173e-05,73153.9
2026-02-05 08:00:00+00:00,2.98e-06,70710.7436057
2026-02-05 16:00:00+00:00,-4.957e-05,67455.49563043
2026-02-06 00:00:00+00:00,-1.597e-05,62887.1415
2026-02-06 08:00:00+00:00,-0.00013688,64791.4
2026-02-06 16:00:00+00:00,-0.00013478,68574.0
2026-02-07 00:00:00+00:00,-0.00015178,70544.4
2026-02-07 08:00:00+00:00,-8.326e-05,68067.0
2026-02-07 16:00:00+00:00,-2.907e-05,69122.1
2026-02-08 00:00:00+00:00,-3.403e-05,69254.2
2026-02-08 08:00:00+00:00,-3.546e-05,69667.5
2026-02-08 16:00:00+00:00,-4.864e-05,71152.6
2026-02-09 00:00:00+00:00,-3.075e-05,70304.73338406
2026-02-09 08:00:00+00:00,1.846e-05,70393.4
2026-02-09 16:00:00+00:00,-4.284e-05,69538.5
2026-02-10 00:00:00+00:00,-8.798e-05,70110.6
2026-02-10 08:00:00+00:00,-4.829e-05,68882.1
2026-02-10 16:00:00+00:00,-8.816e-05,69252.9
2026-02-11 00:00:00+00:00,1.4e-05,68805.3
2026-02-11 08:00:00+00:00,-8.417e-05,67000.0
2026-02-11 16:00:00+00:00,-1.169e-05,66489.4
2026-02-12 00:00:00+00:00,-1.381e-05,67072.2
2026-02-12 08:00:00+00:00,3.499e-05,67200.19716739
2026-02-12 16:00:00+00:00,-1.728e-05,67103.7
2026-02-13 00:00:00+00:00,5.834e-05,66243.2
2026-02-13 08:00:00+00:00,7.16e-06,66184.59749275
2026-02-13 16:00:00+00:00,-1.274e-05,68652.4
2026-02-14 00:00:00+00:00,1.291e-05,68853.38406522
2026-02-14 08:00:00+00:00,3.174e-05,69182.52364493
2026-02-14 16:00:00+00:00,-3.094e-05,69754.1
2026-02-15 00:00:00+00:00,-1.068e-05,69795.4
2026-02-15 08:00:00+00:00,4.664e-05,70784.0
2026-02-15 16:00:00+00:00,-2.371e-05,69068.1
2026-02-16 00:00:00+00:00,2.659e-05,68798.3
2026-02-16 08:00:00+00:00,-3.277e-05,68554.37742754
2026-02-16 16:00:00+00:00,-4.112e-05,67505.5
2026-02-17 00:00:00+00:00,5.883e-05,68862.55130435
2026-02-17 08:00:00+00:00,2.672e-05,68353.4
2026-02-17 16:00:00+00:00,5.077e-05,67363.5
2026-02-18 00:00:00+00:00,3.215e-05,67475.9
2026-02-18 08:00:00+00:00,-1.41e-06,68078.4
2026-02-18 16:00:00+00:00,3.604e-05,67672.6371087
2026-02-19 00:00:00+00:00,-4.014e-05,66430.40573913
2026-02-19 08:00:00+00:00,2.686e-05,67182.87271014
2026-02-19 16:00:00+00:00,-3.052e-05,66367.72373188
2026-02-20 00:00:00+00:00,5.365e-05,66974.0
2026-02-20 08:00:00+00:00,1.302e-05,67794.7
2026-02-20 16:00:00+00:00,-6.71e-06,67551.9554058
2026-02-21 00:00:00+00:00,4.456e-05,67988.82876812
2026-02-21 08:00:00+00:00,2.485e-05,67821.0
2026-02-21 16:00:00+00:00,3.235e-05,68583.28794603
2026-02-22 00:00:00+00:00,7.3e-06,67958.92213768
2026-02-22 08:00:00+00:00,4.2e-07,67974.33214493
2026-02-22 16:00:00+00:00,4.972e-05,67660.0
2026-02-23 00:00:00+00:00,6.946e-05,67613.6
2026-02-23 08:00:00+00:00,-9.317e-05,65915.8
2026-02-23 16:00:00+00:00,2.251e-05,65638.07392029
2026-02-24 00:00:00+00:00,5.706e-05,64630.15072464
2026-02-24 08:00:00+00:00,-1.193e-05,63164.8
2026-02-24 16:00:00+00:00,-1.82e-06,63936.83454348
2026-02-25 00:00:00+00:00,2.375e-05,64031.3
2026-02-25 08:00:00+00:00,3.3e-07,65002.83121739
2026-02-25 16:00:00+00:00,-9.68e-06,67376.31104348
2026-02-26 00:00:00+00:00,-1.998e-05,67953.96802174
2026-02-26 08:00:00+00:00,-1.128e-05,67799.9
2026-02-26 16:00:00+00:00,4.007e-05,67353.4
2026-02-27 00:00:00+00:00,-9.91e-06,67448.50202899
2026-02-27 08:00:00+00:00,-8.123e-05,67650.26318841
2026-02-27 16:00:00+00:00,-6.56e-06,66073.3764093
2026-02-28 00:00:00+00:00,4.041e-05,65839.41943778
2026-02-28 08:00:00+00:00,-3.727e-05,63790.8
2026-02-28 16:00:00+00:00,-4.305e-05,64801.17139855
2026-03-01 00:00:00+00:00,-6.88e-06,66952.93531159
2026-03-01 08:00:00+00:00,4.563e-05,67113.9
2026-03-01 16:00:00+00:00,2.948e-05,66802.6
2026-03-02 00:00:00+00:00,-2.99e-06,65749.9
2026-03-02 08:00:00+00:00,-1.956e-05,65981.3
2026-03-02 16:00:00+00:00,-1.083e-05,69089.1
2026-03-03 00:00:00+00:00,-1.86e-06,68801.8
2026-03-03 08:00:00+00:00,1.437e-05,68138.3
2026-03-03 16:00:00+00:00,1.481e-05,67723.07507496
2026-03-04 00:00:00+00:00,-5.39e-05,68299.9247971
2026-03-04 08:00:00+00:00,2.52e-05,69469.27951449
2026-03-04 16:00:00+00:00,4.683e-05,73345.0
2026-03-05 00:00:00+00:00,3.567e-05,72641.3
2026-03-05 08:00:00+00:00,4.965e-05,72021.33210145
2026-03-05 16:00:00+00:00,1.74e-06,71608.5
2026-03-06 00:00:00+00:00,1.689e-05,70860.02442029
2026-03-06 08:00:00+00:00,-3.061e-05,71026.8
2026-03-06 16:00:00+00:00,-2.176e-05,68469.42278261
2026-03-07 00:00:00+00:00,6.19e-06,68094.46161594
2026-03-07 08:00:00+00:00,3.525e-05,67809.4
2026-03-07 16:00:00+00:00,-4.217e-05,67844.9
2026-03-08 00:00:00+00:00,-4.496e-05,67232.2
2026-03-08 08:00:00+00:00,-1.115e-05,67287.74237681
2026-03-08 16:00:00+00:00,-2.868e-05,67176.51471014
2026-03-09 00:00:00+00:00,-5.77e-05,65935.34171664
2026-03-09 08:00:00+00:00,-4.579e-05,67505.08897101
2026-03-09 16:00:00+00:00,-3.431e-05,68842.62088406
2026-03-10 00:00:00+00:00,-2.394e-05,68398.94584783
2026-03-10 08:00:00+00:00,1.23e-05,70374.6
2026-03-10 16:00:00+00:00,1.738e-05,71303.55932609
2026-03-11 00:00:00+00:00,-0.00011052,69906.39643478
2026-03-11 08:00:00+00:00,-5.252e-05,69622.2
2026-03-11 16:00:00+00:00,-5.824e-05,70186.9
2026-03-12 00:00:00+00:00,-7.802e-05,70150.0
2026-03-12 08:00:00+00:00,-5.392e-05,69793.59004348
2026-03-12 16:00:00+00:00,-7.381e-05,70285.70086232
2026-03-13 00:00:00+00:00,-2.789e-05,70487.01187681
2026-03-13 08:00:00+00:00,4.263e-05,71585.2
2026-03-13 16:00:00+00:00,-6.38e-06,71801.52278986
2026-03-14 00:00:00+00:00,-3.79e-06,70895.6
2026-03-14 08:00:00+00:00,-3.988e-05,70565.7
2026-03-14 16:00:00+00:00,-4.851e-05,70556.44462101
2026-03-15 00:00:00+00:00,-1.883e-05,71174.4
2026-03-15 08:00:00+00:00,-6.461e-05,71421.70264618
2026-03-15 16:00:00+00:00,2.659e-05,71444.5
2026-03-16 00:00:00+00:00,2.513e-05,72778.9
2026-03-16 08:00:00+00:00,7.139e-05,73427.8
2026-03-16 16:00:00+00:00,2.015e-05,73241.19793478
2026-03-17 00:00:00+00:00,2.41e-06,74854.37298551
2026-03-17 08:00:00+00:00,-2.505e-05,74212.7
2026-03-17 16:00:00+00:00,-1.26e-05,73882.60358696
2026-03-18 00:00:00+00:00,-6.569e-05,73872.4
2026-03-18 08:00:00+00:00,-4.813e-05,73840.08823913
2026-03-18 16:00:00+00:00,2.418e-05,71438.64453523
2026-03-19 00:00:00+00:00,-9.74e-06,71208.72342754
2026-03-19 08:00:00+00:00,-3.012e-05,70147.53643478
2026-03-19 16:00:00+00:00,1.205e-05,69372.7
2026-03-20 00:00:00+00:00,6.25e-06,69895.06080435
2026-03-20 08:00:00+00:00,7.53e-06,70811.9
2026-03-20 16:00:00+00:00,-2.23e-06,69838.04147826
2026-03-21 00:00:00+00:00,-1.493e-05,70475.05032609
2026-03-21 08:00:00+00:00,-7.38e-06,70681.53331884
2026-03-21 16:00:00+00:00,1.093e-05,70599.1
2026-03-22 00:00:00+00:00,8.06e-06,68881.72855072
2026-03-22 08:00:00+00:00,-4.425e-05,68884.4
2026-03-22 16:00:00+00:00,-6.837e-05,68819.80918841
2026-03-23 00:00:00+00:00,-2.079e-05,67834.34094203
2026-03-23 08:00:00+00:00,-2.863e-05,68290.8
2026-03-23 16:00:00+00:00,1.6e-06,70112.2
2026-03-24 00:00:00+00:00,4.229e-05,70868.68562319
2026-03-24 08:00:00+00:00,3.675e-05,71264.0
2026-03-24 16:00:00+00:00,3.056e-05,69842.4
2026-03-25 00:00:00+00:00,2.31e-05,70525.82657246
2026-03-25 08:00:00+00:00,1.074e-05,70899.9
2026-03-25 16:00:00+00:00,4.721e-05,70803.40069565
2026-03-26 00:00:00+00:00,2.448e-05,71297.6
2026-03-26 08:00:00+00:00,1.379e-05,70053.8
2026-03-26 16:00:00+00:00,-2.103e-05,69060.7
2026-03-27 00:00:00+00:00,2.925e-05,68788.1
2026-03-27 08:00:00+00:00,-6.298e-05,68496.9
2026-03-27 16:00:00+00:00,-5.841e-05,66091.9
2026-03-28 00:00:00+00:00,-8.088e-05,66364.2
2026-03-28 08:00:00+00:00,-7.604e-05,66523.62176812
2026-03-28 16:00:00+00:00,-1.73e-06,66998.7120942
2026-03-29 00:00:00+00:00,-3.68e-05,66337.79104948
2026-03-29 08:00:00+00:00,-1.2e-07,66633.22935507
2026-03-29 16:00:00+00:00,2.677e-05,66500.0
2026-03-30 00:00:00+00:00,3e-06,65973.4
2026-03-30 08:00:00+00:00,4.92e-06,67596.69581884
2026-03-30 16:00:00+00:00,7.58e-06,67595.59310345
2026-03-31 00:00:00+00:00,1.16e-06,66764.4
2026-03-31 08:00:00+00:00,-1.921e-05,67343.9
2026-03-31 16:00:00+00:00,-2.763e-05,66700.0
2026-04-01 00:00:00+00:00,-3.449e-05,68243.29673913
2026-04-01 08:00:00+00:00,-4.61e-06,68668.6
2026-04-01 16:00:00+00:00,5.77e-06,68876.81806522
2026-04-02 00:00:00+00:00,3.521e-05,68086.5
2026-04-02 08:00:00+00:00,8.45e-06,66888.20861594
2026-04-02 16:00:00+00:00,-7.398e-05,66819.54021739
2026-04-03 00:00:00+00:00,-8.31e-06,66869.74346667
2026-04-03 08:00:00+00:00,-5.99e-06,67008.7
2026-04-03 16:00:00+00:00,3.51e-06,66809.33805072
2026-04-04 00:00:00+00:00,3.761e-05,66930.0
2026-04-04 08:00:00+00:00,4.115e-05,66983.97256934
2026-04-04 16:00:00+00:00,1.651e-05,67357.3
2026-04-05 00:00:00+00:00,2.407e-05,67271.0
2026-04-05 08:00:00+00:00,3.812e-05,66787.4
2026-04-05 16:00:00+00:00,1.889e-05,67278.50018741
2026-04-06 00:00:00+00:00,7.073e-05,68997.4
2026-04-06 08:00:00+00:00,5.544e-05,69087.63507246
2026-04-06 16:00:00+00:00,4.23e-06,69925.85927536
2026-04-07 00:00:00+00:00,-3.15e-06,68822.2
2026-04-07 08:00:00+00:00,3.703e-05,68594.77686657
2026-04-07 16:00:00+00:00,7.393e-05,68141.01094203
2026-04-08 00:00:00+00:00,6.02e-05,71907.34283333
2026-04-08 08:00:00+00:00,1.563e-05,71612.1
2026-04-08 16:00:00+00:00,4.048e-05,71275.77918841
2026-04-09 00:00:00+00:00,-1.47e-06,71038.1
2026-04-09 08:00:00+00:00,5.239e-05,70945.0
2026-04-09 16:00:00+00:00,-1.986e-05,72108.0
2026-04-10 00:00:00+00:00,4.11e-06,71755.54984058
2026-04-10 08:00:00+00:00,2.458e-05,71461.2
2026-04-10 16:00:00+00:00,-2.187e-05,72415.7
2026-04-11 00:00:00+00:00,-7.225e-05,72917.4
2026-04-11 08:00:00+00:00,-6.083e-05,72707.7
2026-04-11 16:00:00+00:00,-6.755e-05,72818.86697826
2026-04-12 00:00:00+00:00,-8.108e-05,73013.4
2026-04-12 08:00:00+00:00,-3.69e-05,71628.1
2026-04-12 16:00:00+00:00,-3.35e-06,70856.2
2026-04-13 00:00:00+00:00,-2.34e-06,70709.4
2026-04-13 08:00:00+00:00,-1.83e-06,70780.1
2026-04-13 16:00:00+00:00,-5.409e-05,71823.7
2026-04-14 00:00:00+00:00,-5.854e-05,74386.5
2026-04-14 08:00:00+00:00,2.732e-05,74513.4
2026-04-14 16:00:00+00:00,-5.234e-05,75274.9
2026-04-15 00:00:00+00:00,-9.313e-05,74106.9
2026-04-15 08:00:00+00:00,-5.085e-05,73705.2
2026-04-15 16:00:00+00:00,-7.151e-05,73811.00873913
2026-04-16 00:00:00+00:00,-3.418e-05,74776.2
2026-04-16 08:00:00+00:00,-2.841e-05,74667.7
2026-04-16 16:00:00+00:00,-2.225e-05,74659.57926087
2026-04-17 00:00:00+00:00,3.297e-05,75115.14794928
2026-04-17 08:00:00+00:00,2.781e-05,75047.4
2026-04-17 16:00:00+00:00,-0.00010789,77734.4
2026-04-18 00:00:00+00:00,-8.098e-05,77044.79824638
2026-04-18 08:00:00+00:00,-7.082e-05,76952.46500725
2026-04-18 16:00:00+00:00,-4.586e-05,76124.8
2026-04-19 00:00:00+00:00,-8.395e-05,75653.8
2026-04-19 08:00:00+00:00,-7.219e-05,75205.6
2026-04-19 16:00:00+00:00,-0.00012276,75807.7
2026-04-20 00:00:00+00:00,-4.615e-05,73752.30151667
2026-04-20 08:00:00+00:00,-4.778e-05,74795.5
2026-04-20 16:00:00+00:00,-2.745e-05,75678.04248876
2026-04-21 00:00:00+00:00,-7.937e-05,75791.4
2026-04-21 08:00:00+00:00,-5.824e-05,76050.1
2026-04-21 16:00:00+00:00,-4.242e-05,75799.9
2026-04-22 00:00:00+00:00,-2.237e-05,76289.54071739
2026-04-22 08:00:00+00:00,3.56e-05,77979.7
2026-04-22 16:00:00+00:00,-7.49e-06,79234.2
2026-04-23 00:00:00+00:00,-7.87e-05,78139.7
2026-04-23 08:00:00+00:00,-3.553e-05,78009.0
2026-04-23 16:00:00+00:00,-6.696e-05,78331.27050975
2026-04-24 00:00:00+00:00,-3.829e-05,78214.8
2026-04-24 08:00:00+00:00,-7.865e-05,77620.5
2026-04-24 16:00:00+00:00,-3.152e-05,78007.3
2026-04-25 00:00:00+00:00,-1.077e-05,77395.9
2026-04-25 08:00:00+00:00,-6.235e-05,77459.9
2026-04-25 16:00:00+00:00,-5.699e-05,77295.96852174
2026-04-26 00:00:00+00:00,2.41e-06,77585.0
2026-04-26 08:00:00+00:00,1.53e-06,78064.44689855
2026-04-26 16:00:00+00:00,1.95e-06,78008.58376812
2026-04-27 00:00:00+00:00,2.49e-06,78617.4
2026-04-27 08:00:00+00:00,-8.659e-05,77556.92439855
2026-04-27 16:00:00+00:00,-5.678e-05,76762.28381159
2026-04-28 00:00:00+00:00,-3.951e-05,77333.1757029
2026-04-28 08:00:00+00:00,-3.204e-05,76828.3
2026-04-28 16:00:00+00:00,5.242e-05,76026.6336721
2026-04-29 00:00:00+00:00,1.305e-05,76298.1
2026-04-29 08:00:00+00:00,-2.84e-05,77007.65595652
2026-04-29 16:00:00+00:00,3.571e-05,75880.57366567
2026-04-30 00:00:00+00:00,-4.22e-05,75749.8
2026-04-30 08:00:00+00:00,-1.837e-05,76130.0
2026-04-30 16:00:00+00:00,-2.904e-05,76429.2
2026-05-01 00:00:00+00:00,-3.746e-05,76305.5
2026-05-01 08:00:00+00:00,-1.81e-05,77101.09816667
2026-05-01 16:00:00+00:00,-3.143e-05,78424.72796268
2026-05-02 00:00:00+00:00,-8.22e-06,78192.0
2026-05-02 08:00:00+00:00,-5.103e-05,78181.6
2026-05-02 16:00:00+00:00,-2.54e-05,78452.73851449
2026-05-03 00:00:00+00:00,2.29e-05,78654.45395802
2026-05-03 08:00:00+00:00,-1.398e-05,78316.5
2026-05-03 16:00:00+00:00,7.03e-06,78627.03676124
2026-05-04 00:00:00+00:00,4.304e-05,78528.9
2026-05-04 08:00:00+00:00,-1.58e-06,79663.3
2026-05-04 16:00:00+00:00,-3.16e-05,79981.2
2026-05-05 00:00:00+00:00,-3.83e-06,79826.1
2026-05-05 08:00:00+00:00,-4.626e-05,80823.36977536
2026-05-05 16:00:00+00:00,-8.24e-05,81488.7
2026-05-06 00:00:00+00:00,-9.153e-05,80861.9
2026-05-06 08:00:00+00:00,-6.15e-05,81333.3
2026-05-06 16:00:00+00:00,-3.756e-05,81656.9427971
2026-05-07 00:00:00+00:00,-5.856e-05,81396.64037069
2026-05-07 08:00:00+00:00,-4.568e-05,81484.05472464
2026-05-07 16:00:00+00:00,-3.014e-05,79860.0
2026-05-08 00:00:00+00:00,-7.406e-05,79969.4
2026-05-08 08:00:00+00:00,2.415e-05,79644.46728986
2026-05-08 16:00:00+00:00,-1.542e-05,80114.8
2026-05-09 00:00:00+00:00,1.841e-05,80155.2
2026-05-09 08:00:00+00:00,-3.792e-05,80182.43582759
2026-05-09 16:00:00+00:00,3.645e-05,80488.4
2026-05-10 00:00:00+00:00,9e-07,80633.91052174
2026-05-10 08:00:00+00:00,4.626e-05,80697.26316667
2026-05-10 16:00:00+00:00,5.764e-05,81383.17274363
2026-05-11 00:00:00+00:00,5.798e-05,82177.7
2026-05-11 08:00:00+00:00,2.592e-05,80708.8
2026-05-11 16:00:00+00:00,4.555e-05,81405.16
2026-05-12 00:00:00+00:00,-1.15e-06,81699.60136232
2026-05-12 08:00:00+00:00,3.877e-05,80813.6676087
2026-05-12 16:00:00+00:00,5.822e-05,80308.46289855
2026-05-13 00:00:00+00:00,5.367e-05,80461.08936667
2026-05-13 08:00:00+00:00,5.437e-05,80984.68281109
2026-05-13 16:00:00+00:00,1.749e-05,78794.6
2026-05-14 00:00:00+00:00,3.928e-05,79288.3
2026-05-14 08:00:00+00:00,2.928e-05,79699.9
2026-05-14 16:00:00+00:00,4.094e-05,81252.74053223
2026-05-15 00:00:00+00:00,-4.239e-05,81048.89125937
2026-05-15 08:00:00+00:00,-1.893e-05,80783.27976812
2026-05-15 16:00:00+00:00,1.548e-05,79118.0
2026-05-16 00:00:00+00:00,3.938e-05,79074.0
2026-05-16 08:00:00+00:00,-2.1e-06,78335.57299275
2026-05-16 16:00:00+00:00,4.955e-05,78194.1
2026-05-17 00:00:00+00:00,4.037e-05,78109.17541229
2026-05-17 08:00:00+00:00,1.176e-05,78138.66375362
2026-05-17 16:00:00+00:00,4.8e-07,78007.0
2026-05-18 00:00:00+00:00,-1.131e-05,77433.5
2026-05-18 08:00:00+00:00,5.778e-05,77039.5
2026-05-18 16:00:00+00:00,7.178e-05,76393.5
2026-05-19 00:00:00+00:00,5.164e-05,76963.2
2026-05-19 08:00:00+00:00,4.809e-05,77200.3
2026-05-19 16:00:00+00:00,5.563e-05,76487.9
2026-05-20 00:00:00+00:00,3.254e-05,76799.9
2026-05-20 08:00:00+00:00,7.983e-05,77250.47589205
2026-05-20 16:00:00+00:00,6.858e-05,77423.0687931
2026-05-21 00:00:00+00:00,1.925e-05,77510.37686957
2026-05-21 08:00:00+00:00,4.003e-05,77849.8077971
2026-05-21 16:00:00+00:00,6.13e-05,77231.30769565
2026-05-22 00:00:00+00:00,3.564e-05,77586.2
2026-05-22 08:00:00+00:00,-8.2e-06,77366.9
2026-05-22 16:00:00+00:00,2.891e-05,76757.66071014
2026-05-23 00:00:00+00:00,1.783e-05,75507.4
2026-05-23 08:00:00+00:00,1.025e-05,74573.2
2026-05-23 16:00:00+00:00,7.441e-05,75490.25308696
2026-05-24 00:00:00+00:00,9.044e-05,76716.2135
2026-05-24 08:00:00+00:00,6.29e-05,76771.4
2026-05-24 16:00:00+00:00,6.265e-05,76343.8
2026-05-25 00:00:00+00:00,6.549e-05,77023.7
2026-05-25 08:00:00+00:00,3.527e-05,77376.9
2026-05-25 16:00:00+00:00,1.426e-05,77587.3
2026-05-26 00:00:00+00:00,8.058e-05,77281.70516492
2026-05-26 08:00:00+00:00,3.852e-05,76689.53406667
2026-05-26 16:00:00+00:00,5.776e-05,76484.29476812
2026-05-27 00:00:00+00:00,0.0001,75901.40326957
2026-05-27 08:00:00+00:00,8.948e-05,75940.84006522
2026-05-27 16:00:00+00:00,9.914e-05,75300.0
2026-05-28 00:00:00+00:00,0.0001,74418.0
2026-05-28 08:00:00+00:00,5.011e-05,73467.37135507
2026-05-28 16:00:00+00:00,0.0001,72906.82058696
2026-05-29 00:00:00+00:00,0.0001,73591.4
2026-05-29 08:00:00+00:00,5.391e-05,73488.1
2026-05-29 16:00:00+00:00,6.702e-05,73779.04363768
2026-05-30 00:00:00+00:00,3.464e-05,73428.2
2026-05-30 08:00:00+00:00,4.732e-05,73516.24445833
2026-05-30 16:00:00+00:00,6.214e-05,73892.79565217
2026-05-31 00:00:00+00:00,4.432e-05,73856.9
2026-05-31 08:00:00+00:00,5.663e-05,73833.3
2026-05-31 16:00:00+00:00,5.988e-05,73613.4
2026-06-01 00:00:00+00:00,5.703e-05,73653.56663043
2026-06-01 08:00:00+00:00,4.438e-05,72779.00564493
2026-06-01 16:00:00+00:00,0.0001,71103.48761594
2026-06-02 00:00:00+00:00,0.0001,71391.5
2026-06-02 08:00:00+00:00,5.99e-05,70082.59501449
2026-06-02 16:00:00+00:00,8.345e-05,67276.04778261
2026-06-03 00:00:00+00:00,7.165e-05,66731.44419565
2026-06-03 08:00:00+00:00,5.229e-05,67191.49618116
2026-06-03 16:00:00+00:00,0.0001,66044.3001087
2026-06-04 00:00:00+00:00,2.705e-05,64117.6
2026-06-04 08:00:00+00:00,1.519e-05,63569.71469565
2026-06-04 16:00:00+00:00,-1.077e-05,63866.27556222
2026-06-05 00:00:00+00:00,1.315e-05,63855.88516492
2026-06-05 08:00:00+00:00,-1.431e-05,63081.0
2026-06-05 16:00:00+00:00,-8.63e-06,60416.4921087
2026-06-06 00:00:00+00:00,-1.234e-05,61029.56998551
2026-06-06 08:00:00+00:00,2.675e-05,60975.1
2026-06-06 16:00:00+00:00,-5.11e-06,60754.1
2026-06-07 00:00:00+00:00,-2.828e-05,60851.77008696
2026-06-07 08:00:00+00:00,4.07e-06,62368.05861594
2026-06-07 16:00:00+00:00,2.742e-05,62071.6
2026-06-08 00:00:00+00:00,3.533e-05,63302.74223188
2026-06-08 08:00:00+00:00,3.454e-05,63259.9
2026-06-08 16:00:00+00:00,1.22e-06,63745.3
2026-06-09 00:00:00+00:00,-1.565e-05,63058.0
2026-06-09 08:00:00+00:00,3.041e-05,63170.8
2026-06-09 16:00:00+00:00,6.06e-06,61113.79051449
2026-06-10 00:00:00+00:00,3.65e-06,61695.29221739
2026-06-10 08:00:00+00:00,-3.385e-05,61655.56078986
2026-06-10 16:00:00+00:00,2.542e-05,62604.7
2026-06-11 00:00:00+00:00,-8.11e-06,61485.41680435
2026-06-11 08:00:00+00:00,2.525e-05,62694.44563768
2026-06-11 16:00:00+00:00,2.736e-05,62721.2
